<?xml version="1.0" encoding="UTF-8" standalone="yes"?>
<gpx version="1.1" creator="outdooractive - http://www.outdooractive.com" xmlns="http://www.topografix.com/GPX/1/1" xmlns:oa="http://www.outdooractive.com/GPX/Extensions/1" xmlns:xsi="http://www.w3.org/2001/XMLSchema-instance" xsi:schemaLocation="http://www.topografix.com/GPX/1/1 http://www.topografix.com/GPX/1/1/gpx.xsd http://www.outdooractive.com/GPX/Extensions/1 https://www.outdooractive.com/schema/gpx_extensions.xsd">
  <metadata>
    <name>Randonnée pédestre au Pas des Ladres, massif de l&apos;Authion, de Belvédère vers le Lac Noir, le Lac Vert et le Lac Long inférieur</name>
    <author>
      <name>Anass CHBADA - Communauté</name>
    </author>
    <link href="https://www.outdooractive.com/r/351449120"/>
    <time>2026-08-30T16:03:37.366Z</time>
    <extensions>
      <oa:oaCategory>hikingTourTrail</oa:oaCategory>
    </extensions>
  </metadata>
  <trk>
    <name>Randonnée pédestre au Pas des Ladres, massif de l&apos;Authion, de Belvédère vers le Lac Noir, le Lac Vert et le Lac Long inférieur</name>
    <type>hikingTourTrail</type>
    <trkseg>
      <trkpt lat="44.074149" lon="7.401073">
        <ele>1684.3</ele>
        <name>Pont du Countet</name>
        <extensions>
          <oa:Extension>
            <oa:mapZoom>15</oa:mapZoom>
          </oa:Extension>
        </extensions>
      </trkpt>
      <trkpt lat="44.074148" lon="7.401025">
        <ele>1684.4</ele>
      </trkpt>
      <trkpt lat="44.074116" lon="7.400676">
        <ele>1686.5</ele>
      </trkpt>
      <trkpt lat="44.074287" lon="7.400882">
        <ele>1687.3</ele>
      </trkpt>
      <trkpt lat="44.074352" lon="7.400914">
        <ele>1687.5</ele>
      </trkpt>
      <trkpt lat="44.074387" lon="7.400965">
        <ele>1687.2</ele>
      </trkpt>
      <trkpt lat="44.074475" lon="7.401132">
        <ele>1687.0</ele>
      </trkpt>
      <trkpt lat="44.074609" lon="7.401367">
        <ele>1688.1</ele>
      </trkpt>
      <trkpt lat="44.0747" lon="7.401436">
        <ele>1689.1</ele>
      </trkpt>
      <trkpt lat="44.074796" lon="7.401438">
        <ele>1690.6</ele>
      </trkpt>
      <trkpt lat="44.074903" lon="7.401554">
        <ele>1691.1</ele>
      </trkpt>
      <trkpt lat="44.07507" lon="7.401681">
        <ele>1692.0</ele>
      </trkpt>
      <trkpt lat="44.07525" lon="7.40172">
        <ele>1693.7</ele>
      </trkpt>
      <trkpt lat="44.075501" lon="7.401788">
        <ele>1695.1</ele>
      </trkpt>
      <trkpt lat="44.075751" lon="7.401856">
        <ele>1695.6</ele>
      </trkpt>
      <trkpt lat="44.076122" lon="7.401773">
        <ele>1697.5</ele>
      </trkpt>
      <trkpt lat="44.076395" lon="7.401723">
        <ele>1699.1</ele>
      </trkpt>
      <trkpt lat="44.076668" lon="7.401674">
        <ele>1699.8</ele>
      </trkpt>
      <trkpt lat="44.076959" lon="7.401645">
        <ele>1701.7</ele>
      </trkpt>
      <trkpt lat="44.077146" lon="7.40172">
        <ele>1703.5</ele>
      </trkpt>
      <trkpt lat="44.077381" lon="7.40172">
        <ele>1705.7</ele>
      </trkpt>
      <trkpt lat="44.077421" lon="7.401807">
        <ele>1705.3</ele>
      </trkpt>
      <trkpt lat="44.077609" lon="7.401997">
        <ele>1706.7</ele>
      </trkpt>
      <trkpt lat="44.077844" lon="7.402146">
        <ele>1709.3</ele>
      </trkpt>
      <trkpt lat="44.078111" lon="7.402555">
        <ele>1710.3</ele>
      </trkpt>
      <trkpt lat="44.078219" lon="7.402611">
        <ele>1711.5</ele>
      </trkpt>
      <trkpt lat="44.078341" lon="7.402742">
        <ele>1711.9</ele>
      </trkpt>
      <trkpt lat="44.078427" lon="7.402715">
        <ele>1713.0</ele>
      </trkpt>
      <trkpt lat="44.078724" lon="7.402625">
        <ele>1719.4</ele>
      </trkpt>
      <trkpt lat="44.079051" lon="7.402835">
        <ele>1720.2</ele>
      </trkpt>
      <trkpt lat="44.079164" lon="7.402845">
        <ele>1721.8</ele>
      </trkpt>
      <trkpt lat="44.079221" lon="7.40288">
        <ele>1722.3</ele>
      </trkpt>
      <trkpt lat="44.079279" lon="7.402954">
        <ele>1721.8</ele>
      </trkpt>
      <trkpt lat="44.079333" lon="7.402995">
        <ele>1721.6</ele>
      </trkpt>
      <trkpt lat="44.079383" lon="7.402984">
        <ele>1722.0</ele>
      </trkpt>
      <trkpt lat="44.079452" lon="7.402953">
        <ele>1722.9</ele>
      </trkpt>
      <trkpt lat="44.07952" lon="7.402909">
        <ele>1724.2</ele>
      </trkpt>
      <trkpt lat="44.079574" lon="7.402898">
        <ele>1724.8</ele>
      </trkpt>
      <trkpt lat="44.079618" lon="7.402887">
        <ele>1725.3</ele>
      </trkpt>
      <trkpt lat="44.079666" lon="7.402856">
        <ele>1726.3</ele>
      </trkpt>
      <trkpt lat="44.07969" lon="7.402827">
        <ele>1727.2</ele>
      </trkpt>
      <trkpt lat="44.079728" lon="7.402817">
        <ele>1727.6</ele>
      </trkpt>
      <trkpt lat="44.079778" lon="7.402819">
        <ele>1727.8</ele>
      </trkpt>
      <trkpt lat="44.079827" lon="7.402836">
        <ele>1727.8</ele>
      </trkpt>
      <trkpt lat="44.079969" lon="7.40282">
        <ele>1729.6</ele>
      </trkpt>
      <trkpt lat="44.080098" lon="7.402798">
        <ele>1729.7</ele>
      </trkpt>
      <trkpt lat="44.080179" lon="7.402718">
        <ele>1730.4</ele>
      </trkpt>
      <trkpt lat="44.080231" lon="7.40272">
        <ele>1730.2</ele>
      </trkpt>
      <trkpt lat="44.080304" lon="7.402637">
        <ele>1731.6</ele>
      </trkpt>
      <trkpt lat="44.080326" lon="7.402557">
        <ele>1733.3</ele>
      </trkpt>
      <trkpt lat="44.08047" lon="7.402437">
        <ele>1736.0</ele>
      </trkpt>
      <trkpt lat="44.080526" lon="7.402444">
        <ele>1735.9</ele>
      </trkpt>
      <trkpt lat="44.080569" lon="7.402414">
        <ele>1736.7</ele>
      </trkpt>
      <trkpt lat="44.080644" lon="7.4024">
        <ele>1737.0</ele>
      </trkpt>
      <trkpt lat="44.080736" lon="7.402284">
        <ele>1739.5</ele>
      </trkpt>
      <trkpt lat="44.080941" lon="7.402149">
        <ele>1742.5</ele>
      </trkpt>
      <trkpt lat="44.081029" lon="7.402184">
        <ele>1741.9</ele>
      </trkpt>
      <trkpt lat="44.08111" lon="7.402141">
        <ele>1743.4</ele>
      </trkpt>
      <trkpt lat="44.081137" lon="7.40211">
        <ele>1744.3</ele>
      </trkpt>
      <trkpt lat="44.081245" lon="7.402114">
        <ele>1744.9</ele>
      </trkpt>
      <trkpt lat="44.081332" lon="7.40206">
        <ele>1747.0</ele>
      </trkpt>
      <trkpt lat="44.081427" lon="7.402075">
        <ele>1748.1</ele>
      </trkpt>
      <trkpt lat="44.081528" lon="7.401963">
        <ele>1752.7</ele>
      </trkpt>
      <trkpt lat="44.081613" lon="7.401965">
        <ele>1754.2</ele>
      </trkpt>
      <trkpt lat="44.081702" lon="7.401988">
        <ele>1755.3</ele>
      </trkpt>
      <trkpt lat="44.081768" lon="7.401981">
        <ele>1756.6</ele>
      </trkpt>
      <trkpt lat="44.081829" lon="7.401867">
        <ele>1760.7</ele>
      </trkpt>
      <trkpt lat="44.081915" lon="7.401952">
        <ele>1759.5</ele>
      </trkpt>
      <trkpt lat="44.081954" lon="7.401924">
        <ele>1760.9</ele>
      </trkpt>
      <trkpt lat="44.082105" lon="7.401942">
        <ele>1762.5</ele>
      </trkpt>
      <trkpt lat="44.082216" lon="7.402021">
        <ele>1762.0</ele>
      </trkpt>
      <trkpt lat="44.082295" lon="7.402019">
        <ele>1763.2</ele>
      </trkpt>
      <trkpt lat="44.082318" lon="7.402033">
        <ele>1763.2</ele>
      </trkpt>
      <trkpt lat="44.082414" lon="7.402037">
        <ele>1764.7</ele>
      </trkpt>
      <trkpt lat="44.082489" lon="7.401998">
        <ele>1767.0</ele>
      </trkpt>
      <trkpt lat="44.082568" lon="7.402044">
        <ele>1767.2</ele>
      </trkpt>
      <trkpt lat="44.082659" lon="7.401996">
        <ele>1770.1</ele>
      </trkpt>
      <trkpt lat="44.082817" lon="7.402044">
        <ele>1771.7</ele>
      </trkpt>
      <trkpt lat="44.082857" lon="7.402033">
        <ele>1772.7</ele>
      </trkpt>
      <trkpt lat="44.082945" lon="7.402087">
        <ele>1772.6</ele>
      </trkpt>
      <trkpt lat="44.083236" lon="7.402149">
        <ele>1774.5</ele>
      </trkpt>
      <trkpt lat="44.08333" lon="7.402104">
        <ele>1777.2</ele>
      </trkpt>
      <trkpt lat="44.083508" lon="7.402098">
        <ele>1779.4</ele>
      </trkpt>
      <trkpt lat="44.083579" lon="7.402143">
        <ele>1779.1</ele>
      </trkpt>
      <trkpt lat="44.083639" lon="7.402075">
        <ele>1781.6</ele>
      </trkpt>
      <trkpt lat="44.083802" lon="7.402058">
        <ele>1784.1</ele>
      </trkpt>
      <trkpt lat="44.083905" lon="7.402083">
        <ele>1784.4</ele>
      </trkpt>
      <trkpt lat="44.083999" lon="7.402197">
        <ele>1782.0</ele>
      </trkpt>
      <trkpt lat="44.084038" lon="7.402284">
        <ele>1780.3</ele>
      </trkpt>
      <trkpt lat="44.084079" lon="7.40231">
        <ele>1780.4</ele>
      </trkpt>
      <trkpt lat="44.08413" lon="7.402282">
        <ele>1781.9</ele>
      </trkpt>
      <trkpt lat="44.084149" lon="7.402241">
        <ele>1783.0</ele>
      </trkpt>
      <trkpt lat="44.084151" lon="7.402178">
        <ele>1784.4</ele>
      </trkpt>
      <trkpt lat="44.084231" lon="7.402211">
        <ele>1785.3</ele>
      </trkpt>
      <trkpt lat="44.084325" lon="7.402137">
        <ele>1788.1</ele>
      </trkpt>
      <trkpt lat="44.084392" lon="7.402181">
        <ele>1788.0</ele>
      </trkpt>
      <trkpt lat="44.084393" lon="7.402249">
        <ele>1787.2</ele>
      </trkpt>
      <trkpt lat="44.084401" lon="7.40232">
        <ele>1786.8</ele>
      </trkpt>
      <trkpt lat="44.084439" lon="7.402455">
        <ele>1787.7</ele>
      </trkpt>
      <trkpt lat="44.084464" lon="7.402488">
        <ele>1788.4</ele>
      </trkpt>
      <trkpt lat="44.084392" lon="7.402554">
        <ele>1787.5</ele>
      </trkpt>
      <trkpt lat="44.084498" lon="7.402574">
        <ele>1790.2</ele>
      </trkpt>
      <trkpt lat="44.084512" lon="7.402638">
        <ele>1791.6</ele>
      </trkpt>
      <trkpt lat="44.084493" lon="7.402657">
        <ele>1791.4</ele>
      </trkpt>
      <trkpt lat="44.084483" lon="7.402659">
        <ele>1791.1</ele>
      </trkpt>
      <trkpt lat="44.084481" lon="7.40267">
        <ele>1791.2</ele>
      </trkpt>
      <trkpt lat="44.084485" lon="7.402694">
        <ele>1791.8</ele>
      </trkpt>
      <trkpt lat="44.084526" lon="7.402706">
        <ele>1793.4</ele>
      </trkpt>
      <trkpt lat="44.084532" lon="7.402751">
        <ele>1794.5</ele>
      </trkpt>
      <trkpt lat="44.084581" lon="7.402816">
        <ele>1797.9</ele>
      </trkpt>
      <trkpt lat="44.084602" lon="7.402863">
        <ele>1799.6</ele>
      </trkpt>
      <trkpt lat="44.084624" lon="7.402825">
        <ele>1800.1</ele>
      </trkpt>
      <trkpt lat="44.084625" lon="7.402774">
        <ele>1799.2</ele>
      </trkpt>
      <trkpt lat="44.084645" lon="7.402734">
        <ele>1799.4</ele>
      </trkpt>
      <trkpt lat="44.084663" lon="7.402759">
        <ele>1800.7</ele>
      </trkpt>
      <trkpt lat="44.084665" lon="7.402686">
        <ele>1799.2</ele>
      </trkpt>
      <trkpt lat="44.084799" lon="7.402734">
        <ele>1804.6</ele>
      </trkpt>
      <trkpt lat="44.084778" lon="7.402949">
        <ele>1807.3</ele>
      </trkpt>
      <trkpt lat="44.084844" lon="7.402947">
        <ele>1809.2</ele>
      </trkpt>
      <trkpt lat="44.084854" lon="7.403048">
        <ele>1810.4</ele>
      </trkpt>
      <trkpt lat="44.084934" lon="7.403096">
        <ele>1813.5</ele>
      </trkpt>
      <trkpt lat="44.084988" lon="7.403125">
        <ele>1815.5</ele>
      </trkpt>
      <trkpt lat="44.085021" lon="7.403185">
        <ele>1817.4</ele>
      </trkpt>
      <trkpt lat="44.085059" lon="7.403233">
        <ele>1819.1</ele>
      </trkpt>
      <trkpt lat="44.08511" lon="7.403252">
        <ele>1821.1</ele>
      </trkpt>
      <trkpt lat="44.085114" lon="7.403356">
        <ele>1822.5</ele>
      </trkpt>
      <trkpt lat="44.085159" lon="7.403447">
        <ele>1825.4</ele>
      </trkpt>
      <trkpt lat="44.085198" lon="7.40345">
        <ele>1826.9</ele>
      </trkpt>
      <trkpt lat="44.085242" lon="7.403534">
        <ele>1829.8</ele>
      </trkpt>
      <trkpt lat="44.085279" lon="7.403573">
        <ele>1831.8</ele>
      </trkpt>
      <trkpt lat="44.085301" lon="7.403482">
        <ele>1831.7</ele>
      </trkpt>
      <trkpt lat="44.08537" lon="7.403438">
        <ele>1833.9</ele>
      </trkpt>
      <trkpt lat="44.085409" lon="7.403333">
        <ele>1833.6</ele>
      </trkpt>
      <trkpt lat="44.085476" lon="7.403301">
        <ele>1835.2</ele>
      </trkpt>
      <trkpt lat="44.085546" lon="7.403343">
        <ele>1838.4</ele>
      </trkpt>
      <trkpt lat="44.085634" lon="7.403301">
        <ele>1840.0</ele>
      </trkpt>
      <trkpt lat="44.085713" lon="7.403226">
        <ele>1840.2</ele>
      </trkpt>
      <trkpt lat="44.085824" lon="7.403251">
        <ele>1844.2</ele>
      </trkpt>
      <trkpt lat="44.086004" lon="7.403012">
        <ele>1846.8</ele>
      </trkpt>
      <trkpt lat="44.086095" lon="7.40282">
        <ele>1849.2</ele>
      </trkpt>
      <trkpt lat="44.086207" lon="7.403002">
        <ele>1857.4</ele>
      </trkpt>
      <trkpt lat="44.086259" lon="7.402988">
        <ele>1860.0</ele>
      </trkpt>
      <trkpt lat="44.086289" lon="7.402976">
        <ele>1861.4</ele>
      </trkpt>
      <trkpt lat="44.086362" lon="7.402857">
        <ele>1863.6</ele>
      </trkpt>
      <trkpt lat="44.086439" lon="7.402625">
        <ele>1863.5</ele>
      </trkpt>
      <trkpt lat="44.086518" lon="7.402568">
        <ele>1865.6</ele>
      </trkpt>
      <trkpt lat="44.086594" lon="7.4024">
        <ele>1867.5</ele>
      </trkpt>
      <trkpt lat="44.086644" lon="7.402358">
        <ele>1868.8</ele>
      </trkpt>
      <trkpt lat="44.086692" lon="7.402212">
        <ele>1868.0</ele>
      </trkpt>
      <trkpt lat="44.086738" lon="7.40213">
        <ele>1867.6</ele>
      </trkpt>
      <trkpt lat="44.086813" lon="7.402106">
        <ele>1869.0</ele>
      </trkpt>
      <trkpt lat="44.086858" lon="7.402053">
        <ele>1869.2</ele>
      </trkpt>
      <trkpt lat="44.086881" lon="7.402058">
        <ele>1869.8</ele>
      </trkpt>
      <trkpt lat="44.086929" lon="7.402109">
        <ele>1872.2</ele>
      </trkpt>
      <trkpt lat="44.086972" lon="7.402091">
        <ele>1873.2</ele>
      </trkpt>
      <trkpt lat="44.086998" lon="7.402246">
        <ele>1878.7</ele>
      </trkpt>
      <trkpt lat="44.087007" lon="7.402377">
        <ele>1883.5</ele>
      </trkpt>
      <trkpt lat="44.087064" lon="7.402323">
        <ele>1884.3</ele>
      </trkpt>
      <trkpt lat="44.087131" lon="7.402221">
        <ele>1884.6</ele>
      </trkpt>
      <trkpt lat="44.087161" lon="7.402568">
        <ele>1900.1</ele>
      </trkpt>
      <trkpt lat="44.087209" lon="7.402514">
        <ele>1899.9</ele>
      </trkpt>
      <trkpt lat="44.087297" lon="7.402387">
        <ele>1898.8</ele>
      </trkpt>
      <trkpt lat="44.087391" lon="7.402345">
        <ele>1903.3</ele>
      </trkpt>
      <trkpt lat="44.087479" lon="7.402183">
        <ele>1907.1</ele>
      </trkpt>
      <trkpt lat="44.087527" lon="7.402231">
        <ele>1910.2</ele>
      </trkpt>
      <trkpt lat="44.087759" lon="7.401912">
        <ele>1920.1</ele>
      </trkpt>
      <trkpt lat="44.087832" lon="7.401886">
        <ele>1924.2</ele>
      </trkpt>
      <trkpt lat="44.087869" lon="7.401819">
        <ele>1926.3</ele>
      </trkpt>
      <trkpt lat="44.087899" lon="7.401854">
        <ele>1928.2</ele>
      </trkpt>
      <trkpt lat="44.087891" lon="7.401953">
        <ele>1928.1</ele>
      </trkpt>
      <trkpt lat="44.08798" lon="7.401918">
        <ele>1933.2</ele>
      </trkpt>
      <trkpt lat="44.08797" lon="7.402122">
        <ele>1934.0</ele>
      </trkpt>
      <trkpt lat="44.08807" lon="7.40207">
        <ele>1939.2</ele>
      </trkpt>
      <trkpt lat="44.08806" lon="7.402175">
        <ele>1939.7</ele>
      </trkpt>
      <trkpt lat="44.088074" lon="7.402254">
        <ele>1941.6</ele>
      </trkpt>
      <trkpt lat="44.088115" lon="7.40223">
        <ele>1943.6</ele>
      </trkpt>
      <trkpt lat="44.088307" lon="7.402055">
        <ele>1952.4</ele>
      </trkpt>
      <trkpt lat="44.088305" lon="7.402004">
        <ele>1952.1</ele>
      </trkpt>
      <trkpt lat="44.08831" lon="7.401959">
        <ele>1952.2</ele>
      </trkpt>
      <trkpt lat="44.08835" lon="7.401929">
        <ele>1954.4</ele>
      </trkpt>
      <trkpt lat="44.088399" lon="7.401907">
        <ele>1956.8</ele>
      </trkpt>
      <trkpt lat="44.088409" lon="7.401878">
        <ele>1957.3</ele>
      </trkpt>
      <trkpt lat="44.088451" lon="7.401857">
        <ele>1959.2</ele>
      </trkpt>
      <trkpt lat="44.088454" lon="7.401764">
        <ele>1960.0</ele>
      </trkpt>
      <trkpt lat="44.088513" lon="7.401732">
        <ele>1962.8</ele>
      </trkpt>
      <trkpt lat="44.088556" lon="7.401778">
        <ele>1964.4</ele>
      </trkpt>
      <trkpt lat="44.088561" lon="7.401824">
        <ele>1964.3</ele>
      </trkpt>
      <trkpt lat="44.08861" lon="7.401794">
        <ele>1967.0</ele>
      </trkpt>
      <trkpt lat="44.088639" lon="7.401753">
        <ele>1969.0</ele>
      </trkpt>
      <trkpt lat="44.088626" lon="7.401638">
        <ele>1970.0</ele>
      </trkpt>
      <trkpt lat="44.088648" lon="7.401626">
        <ele>1971.4</ele>
      </trkpt>
      <trkpt lat="44.08866" lon="7.401611">
        <ele>1972.4</ele>
      </trkpt>
      <trkpt lat="44.088646" lon="7.401557">
        <ele>1973.1</ele>
      </trkpt>
      <trkpt lat="44.088664" lon="7.401548">
        <ele>1974.3</ele>
      </trkpt>
      <trkpt lat="44.088688" lon="7.401557">
        <ele>1975.3</ele>
      </trkpt>
      <trkpt lat="44.088688" lon="7.401503">
        <ele>1977.1</ele>
      </trkpt>
      <trkpt lat="44.088698" lon="7.401498">
        <ele>1977.8</ele>
      </trkpt>
      <trkpt lat="44.088739" lon="7.401554">
        <ele>1978.0</ele>
      </trkpt>
      <trkpt lat="44.088751" lon="7.401549">
        <ele>1978.8</ele>
      </trkpt>
      <trkpt lat="44.088759" lon="7.401479">
        <ele>1981.1</ele>
      </trkpt>
      <trkpt lat="44.088786" lon="7.401412">
        <ele>1984.1</ele>
      </trkpt>
      <trkpt lat="44.088807" lon="7.401414">
        <ele>1984.7</ele>
      </trkpt>
      <trkpt lat="44.088831" lon="7.401448">
        <ele>1984.9</ele>
      </trkpt>
      <trkpt lat="44.08886" lon="7.401392">
        <ele>1986.9</ele>
      </trkpt>
      <trkpt lat="44.088876" lon="7.40139">
        <ele>1987.5</ele>
      </trkpt>
      <trkpt lat="44.088902" lon="7.401419">
        <ele>1988.1</ele>
      </trkpt>
      <trkpt lat="44.088912" lon="7.401349">
        <ele>1988.9</ele>
      </trkpt>
      <trkpt lat="44.088934" lon="7.401331">
        <ele>1989.6</ele>
      </trkpt>
      <trkpt lat="44.088973" lon="7.401382">
        <ele>1990.4</ele>
      </trkpt>
      <trkpt lat="44.088993" lon="7.401371">
        <ele>1991.0</ele>
      </trkpt>
      <trkpt lat="44.089004" lon="7.401329">
        <ele>1991.1</ele>
      </trkpt>
      <trkpt lat="44.089028" lon="7.401309">
        <ele>1991.8</ele>
      </trkpt>
      <trkpt lat="44.089039" lon="7.40132">
        <ele>1992.1</ele>
      </trkpt>
      <trkpt lat="44.089045" lon="7.401351">
        <ele>1992.5</ele>
      </trkpt>
      <trkpt lat="44.089062" lon="7.401357">
        <ele>1993.2</ele>
      </trkpt>
      <trkpt lat="44.089095" lon="7.401328">
        <ele>1994.3</ele>
      </trkpt>
      <trkpt lat="44.089092" lon="7.401234">
        <ele>1995.2</ele>
      </trkpt>
      <trkpt lat="44.08916" lon="7.401247">
        <ele>1998.0</ele>
      </trkpt>
      <trkpt lat="44.0892" lon="7.401315">
        <ele>1999.7</ele>
      </trkpt>
      <trkpt lat="44.089214" lon="7.40126">
        <ele>2000.7</ele>
      </trkpt>
      <trkpt lat="44.089197" lon="7.401211">
        <ele>2001.0</ele>
      </trkpt>
      <trkpt lat="44.08916" lon="7.401141">
        <ele>2002.3</ele>
      </trkpt>
      <trkpt lat="44.089179" lon="7.401119">
        <ele>2004.3</ele>
      </trkpt>
      <trkpt lat="44.089237" lon="7.401223">
        <ele>2002.8</ele>
      </trkpt>
      <trkpt lat="44.08929" lon="7.401332">
        <ele>2005.4</ele>
      </trkpt>
      <trkpt lat="44.089347" lon="7.401233">
        <ele>2008.3</ele>
      </trkpt>
      <trkpt lat="44.089371" lon="7.401196">
        <ele>2009.8</ele>
      </trkpt>
      <trkpt lat="44.089358" lon="7.401138">
        <ele>2010.2</ele>
      </trkpt>
      <trkpt lat="44.089379" lon="7.401123">
        <ele>2011.0</ele>
      </trkpt>
      <trkpt lat="44.089484" lon="7.401121">
        <ele>2013.0</ele>
      </trkpt>
      <trkpt lat="44.089521" lon="7.40107">
        <ele>2012.9</ele>
      </trkpt>
      <trkpt lat="44.089673" lon="7.400984">
        <ele>2014.2</ele>
      </trkpt>
      <trkpt lat="44.089746" lon="7.400851">
        <ele>2015.2</ele>
      </trkpt>
      <trkpt lat="44.089868" lon="7.400638">
        <ele>2013.6</ele>
      </trkpt>
      <trkpt lat="44.089937" lon="7.400507">
        <ele>2010.8</ele>
      </trkpt>
      <trkpt lat="44.090082" lon="7.400373">
        <ele>2010.4</ele>
      </trkpt>
      <trkpt lat="44.09017" lon="7.400348">
        <ele>2012.0</ele>
      </trkpt>
      <trkpt lat="44.090191" lon="7.400249">
        <ele>2008.8</ele>
      </trkpt>
      <trkpt lat="44.090261" lon="7.400184">
        <ele>2009.1</ele>
      </trkpt>
      <trkpt lat="44.090431" lon="7.400006">
        <ele>2011.0</ele>
      </trkpt>
      <trkpt lat="44.090546" lon="7.399849">
        <ele>2011.1</ele>
      </trkpt>
      <trkpt lat="44.090607" lon="7.399706">
        <ele>2009.1</ele>
      </trkpt>
      <trkpt lat="44.090765" lon="7.399521">
        <ele>2006.6</ele>
      </trkpt>
      <trkpt lat="44.090781" lon="7.399411">
        <ele>2007.7</ele>
      </trkpt>
      <trkpt lat="44.090795" lon="7.399314">
        <ele>2010.4</ele>
      </trkpt>
      <trkpt lat="44.09074" lon="7.399253">
        <ele>2012.0</ele>
      </trkpt>
      <trkpt lat="44.090747" lon="7.399164">
        <ele>2015.1</ele>
      </trkpt>
      <trkpt lat="44.090827" lon="7.39915">
        <ele>2015.7</ele>
      </trkpt>
      <trkpt lat="44.090948" lon="7.399082">
        <ele>2017.4</ele>
      </trkpt>
      <trkpt lat="44.091" lon="7.399086">
        <ele>2016.7</ele>
      </trkpt>
      <trkpt lat="44.091029" lon="7.398969">
        <ele>2019.1</ele>
      </trkpt>
      <trkpt lat="44.091015" lon="7.398845">
        <ele>2022.4</ele>
      </trkpt>
      <trkpt lat="44.090971" lon="7.398731">
        <ele>2027.1</ele>
      </trkpt>
      <trkpt lat="44.090921" lon="7.398743">
        <ele>2028.2</ele>
      </trkpt>
      <trkpt lat="44.090914" lon="7.39871">
        <ele>2029.9</ele>
      </trkpt>
      <trkpt lat="44.09086" lon="7.398667">
        <ele>2034.1</ele>
      </trkpt>
      <trkpt lat="44.090858" lon="7.398592">
        <ele>2037.7</ele>
      </trkpt>
      <trkpt lat="44.090906" lon="7.398542">
        <ele>2037.6</ele>
      </trkpt>
      <trkpt lat="44.090893" lon="7.398486">
        <ele>2040.9</ele>
      </trkpt>
      <trkpt lat="44.090831" lon="7.398433">
        <ele>2047.0</ele>
      </trkpt>
      <trkpt lat="44.090875" lon="7.398381">
        <ele>2046.7</ele>
      </trkpt>
      <trkpt lat="44.091019" lon="7.398059">
        <ele>2052.9</ele>
      </trkpt>
      <trkpt lat="44.091088" lon="7.397589">
        <ele>2066.5</ele>
      </trkpt>
      <trkpt lat="44.091142" lon="7.39756">
        <ele>2066.6</ele>
      </trkpt>
      <trkpt lat="44.0912" lon="7.397604">
        <ele>2065.0</ele>
      </trkpt>
      <trkpt lat="44.091247" lon="7.397607">
        <ele>2065.0</ele>
      </trkpt>
      <trkpt lat="44.09128" lon="7.397503">
        <ele>2068.9</ele>
      </trkpt>
      <trkpt lat="44.091277" lon="7.397401">
        <ele>2072.6</ele>
      </trkpt>
      <trkpt lat="44.091222" lon="7.39733">
        <ele>2074.5</ele>
      </trkpt>
      <trkpt lat="44.09123" lon="7.397282">
        <ele>2076.4</ele>
      </trkpt>
      <trkpt lat="44.091315" lon="7.397205">
        <ele>2080.9</ele>
      </trkpt>
      <trkpt lat="44.091275" lon="7.397019">
        <ele>2086.3</ele>
      </trkpt>
      <trkpt lat="44.091294" lon="7.396939">
        <ele>2088.5</ele>
      </trkpt>
      <trkpt lat="44.091267" lon="7.396834">
        <ele>2090.5</ele>
      </trkpt>
      <trkpt lat="44.091291" lon="7.396761">
        <ele>2092.3</ele>
      </trkpt>
      <trkpt lat="44.09136" lon="7.396697">
        <ele>2095.3</ele>
      </trkpt>
      <trkpt lat="44.091359" lon="7.396633">
        <ele>2096.9</ele>
      </trkpt>
      <trkpt lat="44.091337" lon="7.39659">
        <ele>2097.6</ele>
      </trkpt>
      <trkpt lat="44.091367" lon="7.396543">
        <ele>2099.3</ele>
      </trkpt>
      <trkpt lat="44.091409" lon="7.396528">
        <ele>2100.5</ele>
      </trkpt>
      <trkpt lat="44.09153" lon="7.396575">
        <ele>2102.1</ele>
      </trkpt>
      <trkpt lat="44.091574" lon="7.39651">
        <ele>2103.9</ele>
      </trkpt>
      <trkpt lat="44.091615" lon="7.396556">
        <ele>2103.9</ele>
      </trkpt>
      <trkpt lat="44.091656" lon="7.396477">
        <ele>2106.0</ele>
      </trkpt>
      <trkpt lat="44.091711" lon="7.396513">
        <ele>2106.4</ele>
      </trkpt>
      <trkpt lat="44.091748" lon="7.396509">
        <ele>2107.1</ele>
      </trkpt>
      <trkpt lat="44.091755" lon="7.396419">
        <ele>2109.3</ele>
      </trkpt>
      <trkpt lat="44.091815" lon="7.396315">
        <ele>2112.8</ele>
      </trkpt>
      <trkpt lat="44.091927" lon="7.396318">
        <ele>2114.8</ele>
      </trkpt>
      <trkpt lat="44.091934" lon="7.396291">
        <ele>2115.4</ele>
      </trkpt>
      <trkpt lat="44.091928" lon="7.396255">
        <ele>2115.9</ele>
      </trkpt>
      <trkpt lat="44.091971" lon="7.396193">
        <ele>2117.4</ele>
      </trkpt>
      <trkpt lat="44.091976" lon="7.396166">
        <ele>2118.0</ele>
      </trkpt>
      <trkpt lat="44.092019" lon="7.396107">
        <ele>2119.5</ele>
      </trkpt>
      <trkpt lat="44.092065" lon="7.395957">
        <ele>2123.0</ele>
      </trkpt>
      <trkpt lat="44.092155" lon="7.395838">
        <ele>2126.0</ele>
      </trkpt>
      <trkpt lat="44.092388" lon="7.395785">
        <ele>2126.6</ele>
      </trkpt>
      <trkpt lat="44.092555" lon="7.395674">
        <ele>2125.8</ele>
      </trkpt>
      <trkpt lat="44.09262" lon="7.395556">
        <ele>2127.6</ele>
      </trkpt>
      <trkpt lat="44.092683" lon="7.395517">
        <ele>2128.0</ele>
      </trkpt>
      <trkpt lat="44.092681" lon="7.395462">
        <ele>2128.7</ele>
      </trkpt>
      <trkpt lat="44.092918" lon="7.395405">
        <ele>2127.0</ele>
      </trkpt>
      <trkpt lat="44.093143" lon="7.395252">
        <ele>2125.3</ele>
      </trkpt>
      <trkpt lat="44.09339" lon="7.395137">
        <ele>2124.7</ele>
      </trkpt>
      <trkpt lat="44.093559" lon="7.395145">
        <ele>2125.2</ele>
      </trkpt>
      <trkpt lat="44.093733" lon="7.395259">
        <ele>2122.8</ele>
      </trkpt>
      <trkpt lat="44.094113" lon="7.395326">
        <ele>2121.3</ele>
      </trkpt>
      <trkpt lat="44.094431" lon="7.39527">
        <ele>2123.5</ele>
      </trkpt>
      <trkpt lat="44.094587" lon="7.395313">
        <ele>2122.6</ele>
      </trkpt>
      <trkpt lat="44.094631" lon="7.395302">
        <ele>2123.4</ele>
      </trkpt>
      <trkpt lat="44.094717" lon="7.395312">
        <ele>2123.9</ele>
      </trkpt>
      <trkpt lat="44.094943" lon="7.395366">
        <ele>2123.7</ele>
      </trkpt>
      <trkpt lat="44.095269" lon="7.395374">
        <ele>2125.4</ele>
      </trkpt>
      <trkpt lat="44.095276" lon="7.395496">
        <ele>2122.7</ele>
      </trkpt>
      <trkpt lat="44.095324" lon="7.395563">
        <ele>2121.3</ele>
      </trkpt>
      <trkpt lat="44.095413" lon="7.395628">
        <ele>2119.9</ele>
      </trkpt>
      <trkpt lat="44.095539" lon="7.395622">
        <ele>2119.9</ele>
      </trkpt>
      <trkpt lat="44.095648" lon="7.395671">
        <ele>2119.0</ele>
      </trkpt>
      <trkpt lat="44.095692" lon="7.395521">
        <ele>2121.8</ele>
      </trkpt>
      <trkpt lat="44.095715" lon="7.395426">
        <ele>2123.0</ele>
      </trkpt>
      <trkpt lat="44.095741" lon="7.395281">
        <ele>2124.8</ele>
      </trkpt>
      <trkpt lat="44.095783" lon="7.395262">
        <ele>2124.7</ele>
      </trkpt>
      <trkpt lat="44.095862" lon="7.395253">
        <ele>2124.1</ele>
      </trkpt>
      <trkpt lat="44.096076" lon="7.395255">
        <ele>2122.9</ele>
      </trkpt>
      <trkpt lat="44.096275" lon="7.395267">
        <ele>2123.7</ele>
      </trkpt>
      <trkpt lat="44.096279" lon="7.395371">
        <ele>2123.7</ele>
      </trkpt>
      <trkpt lat="44.096363" lon="7.395521">
        <ele>2124.1</ele>
      </trkpt>
      <trkpt lat="44.096583" lon="7.395532">
        <ele>2124.4</ele>
      </trkpt>
      <trkpt lat="44.09691" lon="7.395544">
        <ele>2124.2</ele>
      </trkpt>
      <trkpt lat="44.097327" lon="7.395587">
        <ele>2126.5</ele>
      </trkpt>
      <trkpt lat="44.097568" lon="7.395501">
        <ele>2132.7</ele>
      </trkpt>
      <trkpt lat="44.097636" lon="7.395455">
        <ele>2135.5</ele>
      </trkpt>
      <trkpt lat="44.097733" lon="7.395435">
        <ele>2136.3</ele>
      </trkpt>
      <trkpt lat="44.097979" lon="7.395443">
        <ele>2135.4</ele>
      </trkpt>
      <trkpt lat="44.098074" lon="7.3955">
        <ele>2133.9</ele>
      </trkpt>
      <trkpt lat="44.098157" lon="7.395457">
        <ele>2137.4</ele>
      </trkpt>
      <trkpt lat="44.09832" lon="7.395621">
        <ele>2136.3</ele>
      </trkpt>
      <trkpt lat="44.098425" lon="7.395732">
        <ele>2138.5</ele>
      </trkpt>
      <trkpt lat="44.098518" lon="7.39583">
        <ele>2142.0</ele>
      </trkpt>
      <trkpt lat="44.098556" lon="7.39584">
        <ele>2143.7</ele>
      </trkpt>
      <trkpt lat="44.098575" lon="7.395811">
        <ele>2145.2</ele>
      </trkpt>
      <trkpt lat="44.098622" lon="7.39585">
        <ele>2146.6</ele>
      </trkpt>
      <trkpt lat="44.098652" lon="7.395875">
        <ele>2147.6</ele>
      </trkpt>
      <trkpt lat="44.098677" lon="7.395881">
        <ele>2148.7</ele>
      </trkpt>
      <trkpt lat="44.098684" lon="7.39586">
        <ele>2149.4</ele>
      </trkpt>
      <trkpt lat="44.098668" lon="7.395807">
        <ele>2149.6</ele>
      </trkpt>
      <trkpt lat="44.098667" lon="7.395773">
        <ele>2150.3</ele>
      </trkpt>
      <trkpt lat="44.098694" lon="7.395763">
        <ele>2151.8</ele>
      </trkpt>
      <trkpt lat="44.098714" lon="7.395768">
        <ele>2152.7</ele>
      </trkpt>
      <trkpt lat="44.098729" lon="7.395793">
        <ele>2152.9</ele>
      </trkpt>
      <trkpt lat="44.098792" lon="7.39594">
        <ele>2153.6</ele>
      </trkpt>
      <trkpt lat="44.098816" lon="7.395981">
        <ele>2154.2</ele>
      </trkpt>
      <trkpt lat="44.098854" lon="7.396024">
        <ele>2155.7</ele>
      </trkpt>
      <trkpt lat="44.09884" lon="7.396202">
        <ele>2153.9</ele>
      </trkpt>
      <trkpt lat="44.098824" lon="7.396249">
        <ele>2153.2</ele>
      </trkpt>
      <trkpt lat="44.098844" lon="7.396381">
        <ele>2154.6</ele>
      </trkpt>
      <trkpt lat="44.098846" lon="7.396518">
        <ele>2154.7</ele>
      </trkpt>
      <trkpt lat="44.098903" lon="7.396647">
        <ele>2158.2</ele>
      </trkpt>
      <trkpt lat="44.09896" lon="7.396782">
        <ele>2160.1</ele>
      </trkpt>
      <trkpt lat="44.098972" lon="7.396962">
        <ele>2157.1</ele>
      </trkpt>
      <trkpt lat="44.09908" lon="7.396963">
        <ele>2160.0</ele>
      </trkpt>
      <trkpt lat="44.099225" lon="7.396974">
        <ele>2162.2</ele>
      </trkpt>
      <trkpt lat="44.0993" lon="7.396842">
        <ele>2166.1</ele>
      </trkpt>
      <trkpt lat="44.099391" lon="7.396804">
        <ele>2167.8</ele>
      </trkpt>
      <trkpt lat="44.09947" lon="7.396724">
        <ele>2170.4</ele>
      </trkpt>
      <trkpt lat="44.099407" lon="7.396654">
        <ele>2171.5</ele>
      </trkpt>
      <trkpt lat="44.099461" lon="7.396573">
        <ele>2174.1</ele>
      </trkpt>
      <trkpt lat="44.099396" lon="7.396492">
        <ele>2174.9</ele>
      </trkpt>
      <trkpt lat="44.099402" lon="7.396441">
        <ele>2176.0</ele>
      </trkpt>
      <trkpt lat="44.099511" lon="7.396441">
        <ele>2178.0</ele>
      </trkpt>
      <trkpt lat="44.099554" lon="7.39638">
        <ele>2180.2</ele>
      </trkpt>
      <trkpt lat="44.099861" lon="7.396389">
        <ele>2184.2</ele>
      </trkpt>
      <trkpt lat="44.099967" lon="7.396418">
        <ele>2184.7</ele>
      </trkpt>
      <trkpt lat="44.100048" lon="7.39637">
        <ele>2187.8</ele>
      </trkpt>
      <trkpt lat="44.100151" lon="7.396319">
        <ele>2191.7</ele>
      </trkpt>
      <trkpt lat="44.10022" lon="7.396319">
        <ele>2192.8</ele>
      </trkpt>
      <trkpt lat="44.100274" lon="7.396341">
        <ele>2192.6</ele>
      </trkpt>
      <trkpt lat="44.100325" lon="7.396359">
        <ele>2192.4</ele>
      </trkpt>
      <trkpt lat="44.100369" lon="7.396357">
        <ele>2193.1</ele>
      </trkpt>
      <trkpt lat="44.100579" lon="7.396314">
        <ele>2196.1</ele>
      </trkpt>
      <trkpt lat="44.100714" lon="7.396319">
        <ele>2195.6</ele>
      </trkpt>
      <trkpt lat="44.100846" lon="7.396351">
        <ele>2194.4</ele>
      </trkpt>
      <trkpt lat="44.100887" lon="7.396338">
        <ele>2194.9</ele>
      </trkpt>
      <trkpt lat="44.100947" lon="7.396263">
        <ele>2197.5</ele>
      </trkpt>
      <trkpt lat="44.101024" lon="7.396164">
        <ele>2201.0</ele>
      </trkpt>
      <trkpt lat="44.101161" lon="7.396089">
        <ele>2201.3</ele>
      </trkpt>
      <trkpt lat="44.101218" lon="7.396075">
        <ele>2200.6</ele>
      </trkpt>
      <trkpt lat="44.101421" lon="7.396087">
        <ele>2198.9</ele>
      </trkpt>
      <trkpt lat="44.101677" lon="7.396075">
        <ele>2196.8</ele>
      </trkpt>
      <trkpt lat="44.101766" lon="7.396067">
        <ele>2195.5</ele>
      </trkpt>
      <trkpt lat="44.101908" lon="7.396003">
        <ele>2195.3</ele>
      </trkpt>
      <trkpt lat="44.102163" lon="7.395989">
        <ele>2191.8</ele>
      </trkpt>
      <trkpt lat="44.102372" lon="7.39581">
        <ele>2197.4</ele>
      </trkpt>
      <trkpt lat="44.102759" lon="7.395985">
        <ele>2194.5</ele>
      </trkpt>
      <trkpt lat="44.103146" lon="7.39616">
        <ele>2192.9</ele>
      </trkpt>
      <trkpt lat="44.103485" lon="7.39624">
        <ele>2193.4</ele>
      </trkpt>
      <trkpt lat="44.103706" lon="7.396211">
        <ele>2195.3</ele>
      </trkpt>
      <trkpt lat="44.10383" lon="7.396264">
        <ele>2194.2</ele>
      </trkpt>
      <trkpt lat="44.104021" lon="7.396387">
        <ele>2194.3</ele>
      </trkpt>
      <trkpt lat="44.104256" lon="7.396469">
        <ele>2198.9</ele>
      </trkpt>
      <trkpt lat="44.104426" lon="7.396652">
        <ele>2198.0</ele>
      </trkpt>
      <trkpt lat="44.104499" lon="7.396807">
        <ele>2195.4</ele>
      </trkpt>
      <trkpt lat="44.104501" lon="7.396891">
        <ele>2193.9</ele>
      </trkpt>
      <trkpt lat="44.104499" lon="7.39697">
        <ele>2193.2</ele>
      </trkpt>
      <trkpt lat="44.104499" lon="7.396992">
        <ele>2193.1</ele>
      </trkpt>
      <trkpt lat="44.10453" lon="7.39717">
        <ele>2193.0</ele>
      </trkpt>
      <trkpt lat="44.104539" lon="7.397266">
        <ele>2192.6</ele>
      </trkpt>
      <trkpt lat="44.104585" lon="7.397325">
        <ele>2193.1</ele>
      </trkpt>
      <trkpt lat="44.104631" lon="7.397313">
        <ele>2193.8</ele>
      </trkpt>
      <trkpt lat="44.104673" lon="7.397343">
        <ele>2194.4</ele>
      </trkpt>
      <trkpt lat="44.104698" lon="7.39739">
        <ele>2194.9</ele>
      </trkpt>
      <trkpt lat="44.104734" lon="7.397467">
        <ele>2195.9</ele>
      </trkpt>
      <trkpt lat="44.104746" lon="7.397601">
        <ele>2196.5</ele>
      </trkpt>
      <trkpt lat="44.104733" lon="7.397658">
        <ele>2196.2</ele>
      </trkpt>
      <trkpt lat="44.104722" lon="7.39771">
        <ele>2195.9</ele>
      </trkpt>
      <trkpt lat="44.104736" lon="7.398018">
        <ele>2195.9</ele>
      </trkpt>
      <trkpt lat="44.104814" lon="7.398332">
        <ele>2194.8</ele>
      </trkpt>
      <trkpt lat="44.104893" lon="7.398646">
        <ele>2194.2</ele>
      </trkpt>
      <trkpt lat="44.104899" lon="7.39874">
        <ele>2193.8</ele>
      </trkpt>
      <trkpt lat="44.104981" lon="7.398935">
        <ele>2194.6</ele>
      </trkpt>
      <trkpt lat="44.105028" lon="7.399139">
        <ele>2194.3</ele>
      </trkpt>
      <trkpt lat="44.105028" lon="7.399177">
        <ele>2194.0</ele>
      </trkpt>
      <trkpt lat="44.105029" lon="7.399326">
        <ele>2193.3</ele>
      </trkpt>
      <trkpt lat="44.10506" lon="7.399447">
        <ele>2193.7</ele>
      </trkpt>
      <trkpt lat="44.105027" lon="7.399554">
        <ele>2193.6</ele>
      </trkpt>
      <trkpt lat="44.105026" lon="7.399735">
        <ele>2194.5</ele>
      </trkpt>
      <trkpt lat="44.105101" lon="7.39995">
        <ele>2195.9</ele>
      </trkpt>
      <trkpt lat="44.105148" lon="7.400042">
        <ele>2196.4</ele>
      </trkpt>
      <trkpt lat="44.105204" lon="7.400267">
        <ele>2196.4</ele>
      </trkpt>
      <trkpt lat="44.105194" lon="7.400303">
        <ele>2196.5</ele>
      </trkpt>
      <trkpt lat="44.105171" lon="7.400323">
        <ele>2196.7</ele>
      </trkpt>
      <trkpt lat="44.10511" lon="7.400317">
        <ele>2197.1</ele>
      </trkpt>
      <trkpt lat="44.105078" lon="7.400331">
        <ele>2197.8</ele>
      </trkpt>
      <trkpt lat="44.105094" lon="7.40045">
        <ele>2199.9</ele>
      </trkpt>
      <trkpt lat="44.105138" lon="7.400516">
        <ele>2200.3</ele>
      </trkpt>
      <trkpt lat="44.105147" lon="7.400556">
        <ele>2201.0</ele>
      </trkpt>
      <trkpt lat="44.105112" lon="7.400557">
        <ele>2202.1</ele>
      </trkpt>
      <trkpt lat="44.105074" lon="7.400534">
        <ele>2202.7</ele>
      </trkpt>
      <trkpt lat="44.10507" lon="7.400565">
        <ele>2203.7</ele>
      </trkpt>
      <trkpt lat="44.104975" lon="7.400543">
        <ele>2206.8</ele>
      </trkpt>
      <trkpt lat="44.104909" lon="7.400543">
        <ele>2209.5</ele>
      </trkpt>
      <trkpt lat="44.104825" lon="7.400516">
        <ele>2211.9</ele>
      </trkpt>
      <trkpt lat="44.104782" lon="7.400523">
        <ele>2213.8</ele>
      </trkpt>
      <trkpt lat="44.104717" lon="7.400466">
        <ele>2214.7</ele>
      </trkpt>
      <trkpt lat="44.104695" lon="7.400477">
        <ele>2215.8</ele>
      </trkpt>
      <trkpt lat="44.104731" lon="7.40058">
        <ele>2217.4</ele>
      </trkpt>
      <trkpt lat="44.104751" lon="7.400661">
        <ele>2219.2</ele>
      </trkpt>
      <trkpt lat="44.104739" lon="7.400698">
        <ele>2220.6</ele>
      </trkpt>
      <trkpt lat="44.104631" lon="7.400679">
        <ele>2222.7</ele>
      </trkpt>
      <trkpt lat="44.104592" lon="7.400647">
        <ele>2222.9</ele>
      </trkpt>
      <trkpt lat="44.104542" lon="7.400602">
        <ele>2223.0</ele>
      </trkpt>
      <trkpt lat="44.104506" lon="7.400577">
        <ele>2223.3</ele>
      </trkpt>
      <trkpt lat="44.104494" lon="7.400521">
        <ele>2222.8</ele>
      </trkpt>
      <trkpt lat="44.104471" lon="7.40049">
        <ele>2223.0</ele>
      </trkpt>
      <trkpt lat="44.104506" lon="7.400577">
        <ele>2223.3</ele>
        <name>Refuge de Nice</name>
        <extensions>
          <oa:Extension>
            <oa:mapZoom>13</oa:mapZoom>
          </oa:Extension>
        </extensions>
      </trkpt>
      <trkpt lat="44.104506" lon="7.400624">
        <ele>2224.2</ele>
      </trkpt>
      <trkpt lat="44.10453" lon="7.400675">
        <ele>2224.7</ele>
      </trkpt>
      <trkpt lat="44.10457" lon="7.400777">
        <ele>2226.2</ele>
      </trkpt>
      <trkpt lat="44.104599" lon="7.400823">
        <ele>2226.8</ele>
      </trkpt>
      <trkpt lat="44.104664" lon="7.400881">
        <ele>2227.3</ele>
      </trkpt>
      <trkpt lat="44.104699" lon="7.400909">
        <ele>2227.7</ele>
      </trkpt>
      <trkpt lat="44.104718" lon="7.400991">
        <ele>2230.3</ele>
      </trkpt>
      <trkpt lat="44.10478" lon="7.401037">
        <ele>2231.0</ele>
      </trkpt>
      <trkpt lat="44.104819" lon="7.401141">
        <ele>2233.6</ele>
      </trkpt>
      <trkpt lat="44.104781" lon="7.401249">
        <ele>2237.9</ele>
      </trkpt>
      <trkpt lat="44.104804" lon="7.401302">
        <ele>2238.5</ele>
      </trkpt>
      <trkpt lat="44.104834" lon="7.401328">
        <ele>2237.9</ele>
      </trkpt>
      <trkpt lat="44.104833" lon="7.401432">
        <ele>2240.1</ele>
      </trkpt>
      <trkpt lat="44.10473" lon="7.401496">
        <ele>2246.9</ele>
      </trkpt>
      <trkpt lat="44.104715" lon="7.401662">
        <ele>2249.9</ele>
      </trkpt>
      <trkpt lat="44.104722" lon="7.401849">
        <ele>2249.6</ele>
      </trkpt>
      <trkpt lat="44.104745" lon="7.401966">
        <ele>2248.1</ele>
      </trkpt>
      <trkpt lat="44.104737" lon="7.401992">
        <ele>2248.3</ele>
      </trkpt>
      <trkpt lat="44.104768" lon="7.402072">
        <ele>2246.4</ele>
      </trkpt>
      <trkpt lat="44.104765" lon="7.40217">
        <ele>2246.1</ele>
      </trkpt>
      <trkpt lat="44.104753" lon="7.402274">
        <ele>2246.2</ele>
      </trkpt>
      <trkpt lat="44.104706" lon="7.402407">
        <ele>2246.7</ele>
      </trkpt>
      <trkpt lat="44.10469" lon="7.402529">
        <ele>2246.4</ele>
      </trkpt>
      <trkpt lat="44.104605" lon="7.402695">
        <ele>2247.7</ele>
      </trkpt>
      <trkpt lat="44.104609" lon="7.40275">
        <ele>2247.6</ele>
      </trkpt>
      <trkpt lat="44.104541" lon="7.402903">
        <ele>2246.6</ele>
      </trkpt>
      <trkpt lat="44.10455" lon="7.403082">
        <ele>2244.6</ele>
      </trkpt>
      <trkpt lat="44.104486" lon="7.403257">
        <ele>2241.8</ele>
      </trkpt>
      <trkpt lat="44.104439" lon="7.403333">
        <ele>2239.6</ele>
      </trkpt>
      <trkpt lat="44.104386" lon="7.403389">
        <ele>2237.2</ele>
      </trkpt>
      <trkpt lat="44.104355" lon="7.403508">
        <ele>2235.6</ele>
      </trkpt>
      <trkpt lat="44.104326" lon="7.403576">
        <ele>2234.6</ele>
      </trkpt>
      <trkpt lat="44.104321" lon="7.403625">
        <ele>2234.5</ele>
      </trkpt>
      <trkpt lat="44.104298" lon="7.403653">
        <ele>2234.0</ele>
      </trkpt>
      <trkpt lat="44.104274" lon="7.403691">
        <ele>2233.7</ele>
      </trkpt>
      <trkpt lat="44.104254" lon="7.403736">
        <ele>2233.7</ele>
      </trkpt>
      <trkpt lat="44.104221" lon="7.403776">
        <ele>2233.6</ele>
      </trkpt>
      <trkpt lat="44.104171" lon="7.40374">
        <ele>2232.8</ele>
      </trkpt>
      <trkpt lat="44.104143" lon="7.403601">
        <ele>2232.5</ele>
      </trkpt>
      <trkpt lat="44.104101" lon="7.403569">
        <ele>2232.7</ele>
      </trkpt>
      <trkpt lat="44.104046" lon="7.403589">
        <ele>2233.4</ele>
      </trkpt>
      <trkpt lat="44.103996" lon="7.403632">
        <ele>2234.5</ele>
      </trkpt>
      <trkpt lat="44.103943" lon="7.403644">
        <ele>2236.2</ele>
      </trkpt>
      <trkpt lat="44.103903" lon="7.403669">
        <ele>2237.7</ele>
      </trkpt>
      <trkpt lat="44.103876" lon="7.403644">
        <ele>2238.5</ele>
      </trkpt>
      <trkpt lat="44.103807" lon="7.403625">
        <ele>2241.1</ele>
      </trkpt>
      <trkpt lat="44.103802" lon="7.403733">
        <ele>2242.5</ele>
      </trkpt>
      <trkpt lat="44.103772" lon="7.403743">
        <ele>2244.1</ele>
      </trkpt>
      <trkpt lat="44.103775" lon="7.403784">
        <ele>2244.8</ele>
      </trkpt>
      <trkpt lat="44.10374" lon="7.403799">
        <ele>2246.7</ele>
      </trkpt>
      <trkpt lat="44.103729" lon="7.403916">
        <ele>2249.7</ele>
      </trkpt>
      <trkpt lat="44.103683" lon="7.404004">
        <ele>2253.5</ele>
      </trkpt>
      <trkpt lat="44.103637" lon="7.404015">
        <ele>2255.9</ele>
      </trkpt>
      <trkpt lat="44.103647" lon="7.404068">
        <ele>2256.4</ele>
      </trkpt>
      <trkpt lat="44.103617" lon="7.404064">
        <ele>2257.7</ele>
      </trkpt>
      <trkpt lat="44.103598" lon="7.404098">
        <ele>2259.1</ele>
      </trkpt>
      <trkpt lat="44.103572" lon="7.404112">
        <ele>2260.5</ele>
      </trkpt>
      <trkpt lat="44.103558" lon="7.404162">
        <ele>2261.8</ele>
      </trkpt>
      <trkpt lat="44.103507" lon="7.404186">
        <ele>2264.0</ele>
      </trkpt>
      <trkpt lat="44.10348" lon="7.404243">
        <ele>2265.2</ele>
      </trkpt>
      <trkpt lat="44.103425" lon="7.404757">
        <ele>2261.8</ele>
      </trkpt>
      <trkpt lat="44.103415" lon="7.404935">
        <ele>2259.5</ele>
      </trkpt>
      <trkpt lat="44.103392" lon="7.405036">
        <ele>2258.6</ele>
      </trkpt>
      <trkpt lat="44.103299" lon="7.405316">
        <ele>2258.7</ele>
      </trkpt>
      <trkpt lat="44.103255" lon="7.405259">
        <ele>2260.5</ele>
      </trkpt>
      <trkpt lat="44.103267" lon="7.405427">
        <ele>2259.6</ele>
      </trkpt>
      <trkpt lat="44.103214" lon="7.405535">
        <ele>2261.2</ele>
      </trkpt>
      <trkpt lat="44.103107" lon="7.405699">
        <ele>2264.9</ele>
      </trkpt>
      <trkpt lat="44.103066" lon="7.405785">
        <ele>2266.9</ele>
      </trkpt>
      <trkpt lat="44.103077" lon="7.40597">
        <ele>2267.0</ele>
      </trkpt>
      <trkpt lat="44.103029" lon="7.406086">
        <ele>2270.2</ele>
      </trkpt>
      <trkpt lat="44.103032" lon="7.406157">
        <ele>2270.9</ele>
      </trkpt>
      <trkpt lat="44.102995" lon="7.4063">
        <ele>2274.9</ele>
      </trkpt>
      <trkpt lat="44.102915" lon="7.406342">
        <ele>2278.9</ele>
      </trkpt>
      <trkpt lat="44.102963" lon="7.406423">
        <ele>2278.7</ele>
      </trkpt>
      <trkpt lat="44.102933" lon="7.406502">
        <ele>2281.9</ele>
      </trkpt>
      <trkpt lat="44.102975" lon="7.406516">
        <ele>2280.8</ele>
      </trkpt>
      <trkpt lat="44.102983" lon="7.406578">
        <ele>2282.4</ele>
      </trkpt>
      <trkpt lat="44.103028" lon="7.406597">
        <ele>2281.5</ele>
      </trkpt>
      <trkpt lat="44.103059" lon="7.406644">
        <ele>2282.1</ele>
      </trkpt>
      <trkpt lat="44.103122" lon="7.40665">
        <ele>2280.3</ele>
      </trkpt>
      <trkpt lat="44.103168" lon="7.406732">
        <ele>2281.2</ele>
      </trkpt>
      <trkpt lat="44.103225" lon="7.406831">
        <ele>2281.1</ele>
      </trkpt>
      <trkpt lat="44.103215" lon="7.406998">
        <ele>2283.3</ele>
      </trkpt>
      <trkpt lat="44.103136" lon="7.407134">
        <ele>2290.2</ele>
      </trkpt>
      <trkpt lat="44.103149" lon="7.407342">
        <ele>2289.7</ele>
      </trkpt>
      <trkpt lat="44.103157" lon="7.407437">
        <ele>2290.2</ele>
      </trkpt>
      <trkpt lat="44.103202" lon="7.407547">
        <ele>2289.3</ele>
      </trkpt>
      <trkpt lat="44.103163" lon="7.407626">
        <ele>2293.3</ele>
      </trkpt>
      <trkpt lat="44.103223" lon="7.407906">
        <ele>2291.9</ele>
      </trkpt>
      <trkpt lat="44.103225" lon="7.408032">
        <ele>2293.6</ele>
      </trkpt>
      <trkpt lat="44.103178" lon="7.408072">
        <ele>2296.7</ele>
      </trkpt>
      <trkpt lat="44.103076" lon="7.407985">
        <ele>2302.0</ele>
      </trkpt>
      <trkpt lat="44.103033" lon="7.408043">
        <ele>2306.0</ele>
      </trkpt>
      <trkpt lat="44.102969" lon="7.407997">
        <ele>2308.0</ele>
      </trkpt>
      <trkpt lat="44.102934" lon="7.407849">
        <ele>2307.2</ele>
      </trkpt>
      <trkpt lat="44.102526" lon="7.407623">
        <ele>2317.8</ele>
      </trkpt>
      <trkpt lat="44.102398" lon="7.407614">
        <ele>2320.3</ele>
      </trkpt>
      <trkpt lat="44.102337" lon="7.407715">
        <ele>2323.7</ele>
      </trkpt>
      <trkpt lat="44.102216" lon="7.407889">
        <ele>2330.7</ele>
      </trkpt>
      <trkpt lat="44.102102" lon="7.407902">
        <ele>2334.0</ele>
      </trkpt>
      <trkpt lat="44.102063" lon="7.407986">
        <ele>2336.2</ele>
      </trkpt>
      <trkpt lat="44.102048" lon="7.40806">
        <ele>2337.2</ele>
      </trkpt>
      <trkpt lat="44.101899" lon="7.408391">
        <ele>2341.9</ele>
      </trkpt>
      <trkpt lat="44.101871" lon="7.408554">
        <ele>2344.0</ele>
      </trkpt>
      <trkpt lat="44.101887" lon="7.40864">
        <ele>2345.4</ele>
      </trkpt>
      <trkpt lat="44.101826" lon="7.408607">
        <ele>2346.3</ele>
      </trkpt>
      <trkpt lat="44.101844" lon="7.408684">
        <ele>2347.4</ele>
      </trkpt>
      <trkpt lat="44.10181" lon="7.40869">
        <ele>2348.6</ele>
      </trkpt>
      <trkpt lat="44.101789" lon="7.408831">
        <ele>2352.7</ele>
      </trkpt>
      <trkpt lat="44.101772" lon="7.409022">
        <ele>2357.6</ele>
      </trkpt>
      <trkpt lat="44.101645" lon="7.408982">
        <ele>2359.1</ele>
      </trkpt>
      <trkpt lat="44.101493" lon="7.409011">
        <ele>2360.6</ele>
      </trkpt>
      <trkpt lat="44.101412" lon="7.409146">
        <ele>2361.6</ele>
      </trkpt>
      <trkpt lat="44.101391" lon="7.409459">
        <ele>2364.3</ele>
      </trkpt>
      <trkpt lat="44.10141" lon="7.409966">
        <ele>2362.5</ele>
      </trkpt>
      <trkpt lat="44.101327" lon="7.410084">
        <ele>2361.2</ele>
      </trkpt>
      <trkpt lat="44.101202" lon="7.410208">
        <ele>2360.8</ele>
      </trkpt>
      <trkpt lat="44.101187" lon="7.410396">
        <ele>2361.5</ele>
      </trkpt>
      <trkpt lat="44.101164" lon="7.410532">
        <ele>2361.0</ele>
      </trkpt>
      <trkpt lat="44.10095" lon="7.411071">
        <ele>2361.6</ele>
      </trkpt>
      <trkpt lat="44.100936" lon="7.411361">
        <ele>2364.2</ele>
      </trkpt>
      <trkpt lat="44.100973" lon="7.41168">
        <ele>2366.9</ele>
      </trkpt>
      <trkpt lat="44.10101" lon="7.411999">
        <ele>2368.5</ele>
      </trkpt>
      <trkpt lat="44.101124" lon="7.412415">
        <ele>2371.5</ele>
      </trkpt>
      <trkpt lat="44.101166" lon="7.412773">
        <ele>2372.2</ele>
      </trkpt>
      <trkpt lat="44.101209" lon="7.413131">
        <ele>2372.9</ele>
      </trkpt>
      <trkpt lat="44.101209" lon="7.413519">
        <ele>2370.9</ele>
      </trkpt>
      <trkpt lat="44.10121" lon="7.413906">
        <ele>2369.7</ele>
      </trkpt>
      <trkpt lat="44.101318" lon="7.414459">
        <ele>2373.8</ele>
      </trkpt>
      <trkpt lat="44.101294" lon="7.414843">
        <ele>2374.1</ele>
      </trkpt>
      <trkpt lat="44.101235" lon="7.415157">
        <ele>2372.3</ele>
      </trkpt>
      <trkpt lat="44.101261" lon="7.415462">
        <ele>2373.4</ele>
      </trkpt>
      <trkpt lat="44.101246" lon="7.415552">
        <ele>2372.8</ele>
      </trkpt>
      <trkpt lat="44.101227" lon="7.415964">
        <ele>2373.7</ele>
      </trkpt>
      <trkpt lat="44.101184" lon="7.416221">
        <ele>2374.6</ele>
      </trkpt>
      <trkpt lat="44.101186" lon="7.416438">
        <ele>2376.8</ele>
      </trkpt>
      <trkpt lat="44.101155" lon="7.416639">
        <ele>2378.0</ele>
      </trkpt>
      <trkpt lat="44.10121" lon="7.416693">
        <ele>2380.6</ele>
      </trkpt>
      <trkpt lat="44.101195" lon="7.416801">
        <ele>2381.5</ele>
      </trkpt>
      <trkpt lat="44.101073" lon="7.416974">
        <ele>2379.9</ele>
      </trkpt>
      <trkpt lat="44.100994" lon="7.417274">
        <ele>2381.9</ele>
      </trkpt>
      <trkpt lat="44.100926" lon="7.417687">
        <ele>2383.5</ele>
      </trkpt>
      <trkpt lat="44.100876" lon="7.418028">
        <ele>2382.2</ele>
      </trkpt>
      <trkpt lat="44.100855" lon="7.418254">
        <ele>2380.6</ele>
      </trkpt>
      <trkpt lat="44.100787" lon="7.418364">
        <ele>2378.0</ele>
      </trkpt>
      <trkpt lat="44.100701" lon="7.418426">
        <ele>2375.9</ele>
      </trkpt>
      <trkpt lat="44.100619" lon="7.41852">
        <ele>2374.6</ele>
      </trkpt>
      <trkpt lat="44.100445" lon="7.418556">
        <ele>2374.5</ele>
      </trkpt>
      <trkpt lat="44.100371" lon="7.418635">
        <ele>2375.0</ele>
      </trkpt>
      <trkpt lat="44.100394" lon="7.418764">
        <ele>2374.8</ele>
      </trkpt>
      <trkpt lat="44.10036" lon="7.418858">
        <ele>2374.9</ele>
      </trkpt>
      <trkpt lat="44.10022" lon="7.41892">
        <ele>2376.2</ele>
      </trkpt>
      <trkpt lat="44.100118" lon="7.418993">
        <ele>2377.6</ele>
      </trkpt>
      <trkpt lat="44.099844" lon="7.419256">
        <ele>2378.8</ele>
      </trkpt>
      <trkpt lat="44.099842" lon="7.419542">
        <ele>2380.2</ele>
      </trkpt>
      <trkpt lat="44.099591" lon="7.419863">
        <ele>2385.7</ele>
      </trkpt>
      <trkpt lat="44.099477" lon="7.419981">
        <ele>2389.6</ele>
      </trkpt>
      <trkpt lat="44.099377" lon="7.420066">
        <ele>2392.7</ele>
      </trkpt>
      <trkpt lat="44.099251" lon="7.420147">
        <ele>2396.6</ele>
      </trkpt>
      <trkpt lat="44.099074" lon="7.420392">
        <ele>2408.1</ele>
      </trkpt>
      <trkpt lat="44.099094" lon="7.420516">
        <ele>2412.5</ele>
      </trkpt>
      <trkpt lat="44.099052" lon="7.42071">
        <ele>2421.2</ele>
      </trkpt>
      <trkpt lat="44.098947" lon="7.420744">
        <ele>2424.0</ele>
      </trkpt>
      <trkpt lat="44.09891" lon="7.420899">
        <ele>2430.9</ele>
      </trkpt>
      <trkpt lat="44.098902" lon="7.421328">
        <ele>2449.2</ele>
      </trkpt>
      <trkpt lat="44.098848" lon="7.421757">
        <ele>2464.7</ele>
      </trkpt>
      <trkpt lat="44.098928" lon="7.422057">
        <ele>2473.9</ele>
      </trkpt>
      <trkpt lat="44.098725" lon="7.422547">
        <ele>2478.7</ele>
      </trkpt>
      <trkpt lat="44.09862" lon="7.422873">
        <ele>2481.1</ele>
      </trkpt>
      <trkpt lat="44.098361" lon="7.423096">
        <ele>2489.0</ele>
      </trkpt>
      <trkpt lat="44.098176" lon="7.42313">
        <ele>2496.9</ele>
      </trkpt>
      <trkpt lat="44.098098" lon="7.423477">
        <ele>2512.4</ele>
      </trkpt>
      <trkpt lat="44.097953" lon="7.423397">
        <ele>2516.8</ele>
      </trkpt>
      <trkpt lat="44.097869" lon="7.423624">
        <ele>2529.9</ele>
      </trkpt>
      <trkpt lat="44.097829" lon="7.423615">
        <ele>2531.5</ele>
      </trkpt>
      <trkpt lat="44.097723" lon="7.423745">
        <ele>2541.8</ele>
      </trkpt>
      <trkpt lat="44.097658" lon="7.423683">
        <ele>2542.6</ele>
      </trkpt>
      <trkpt lat="44.097635" lon="7.423775">
        <ele>2547.0</ele>
      </trkpt>
      <trkpt lat="44.097578" lon="7.423843">
        <ele>2552.0</ele>
      </trkpt>
      <trkpt lat="44.09744" lon="7.424065">
        <ele>2566.1</ele>
      </trkpt>
      <trkpt lat="44.097476" lon="7.42421">
        <ele>2570.0</ele>
      </trkpt>
      <trkpt lat="44.097443" lon="7.424344">
        <ele>2576.1</ele>
      </trkpt>
      <trkpt lat="44.097366" lon="7.424373">
        <ele>2579.6</ele>
      </trkpt>
      <trkpt lat="44.097304" lon="7.424363">
        <ele>2581.6</ele>
      </trkpt>
      <trkpt lat="44.097288" lon="7.424306">
        <ele>2580.4</ele>
      </trkpt>
      <trkpt lat="44.097211" lon="7.424335">
        <ele>2584.5</ele>
      </trkpt>
      <trkpt lat="44.097187" lon="7.424436">
        <ele>2588.4</ele>
      </trkpt>
      <trkpt lat="44.097153" lon="7.424413">
        <ele>2589.2</ele>
      </trkpt>
      <trkpt lat="44.097145" lon="7.424462">
        <ele>2590.8</ele>
      </trkpt>
      <trkpt lat="44.097114" lon="7.424475">
        <ele>2592.5</ele>
      </trkpt>
      <trkpt lat="44.097092" lon="7.424561">
        <ele>2595.7</ele>
      </trkpt>
      <trkpt lat="44.097107" lon="7.424688">
        <ele>2598.2</ele>
      </trkpt>
      <trkpt lat="44.097164" lon="7.424758">
        <ele>2597.8</ele>
      </trkpt>
      <trkpt lat="44.09717" lon="7.424906">
        <ele>2601.7</ele>
      </trkpt>
      <trkpt lat="44.097283" lon="7.425276">
        <ele>2606.8</ele>
      </trkpt>
      <trkpt lat="44.097332" lon="7.425388">
        <ele>2607.5</ele>
      </trkpt>
      <trkpt lat="44.097322" lon="7.425701">
        <ele>2613.6</ele>
      </trkpt>
      <trkpt lat="44.097312" lon="7.426013">
        <ele>2616.2</ele>
      </trkpt>
      <trkpt lat="44.097242" lon="7.426274">
        <ele>2618.5</ele>
      </trkpt>
      <trkpt lat="44.097099" lon="7.426512">
        <ele>2622.1</ele>
      </trkpt>
      <trkpt lat="44.097021" lon="7.426723">
        <ele>2632.2</ele>
      </trkpt>
      <trkpt lat="44.096913" lon="7.426879">
        <ele>2644.5</ele>
      </trkpt>
      <trkpt lat="44.09679" lon="7.426907">
        <ele>2651.4</ele>
      </trkpt>
      <trkpt lat="44.096634" lon="7.427007">
        <ele>2663.3</ele>
      </trkpt>
      <trkpt lat="44.096666" lon="7.427344">
        <ele>2676.8</ele>
      </trkpt>
      <trkpt lat="44.096661" lon="7.427633">
        <ele>2685.9</ele>
      </trkpt>
      <trkpt lat="44.096592" lon="7.427851">
        <ele>2687.8</ele>
      </trkpt>
      <trkpt lat="44.096389" lon="7.427847">
        <ele>2678.4</ele>
      </trkpt>
      <trkpt lat="44.096207" lon="7.427694">
        <ele>2673.0</ele>
      </trkpt>
      <trkpt lat="44.096042" lon="7.42766">
        <ele>2666.7</ele>
      </trkpt>
      <trkpt lat="44.095907" lon="7.427718">
        <ele>2658.0</ele>
      </trkpt>
      <trkpt lat="44.095814" lon="7.427709">
        <ele>2653.9</ele>
      </trkpt>
      <trkpt lat="44.095665" lon="7.427859">
        <ele>2642.2</ele>
      </trkpt>
      <trkpt lat="44.095674" lon="7.428007">
        <ele>2639.0</ele>
      </trkpt>
      <trkpt lat="44.095606" lon="7.42804">
        <ele>2636.0</ele>
      </trkpt>
      <trkpt lat="44.095386" lon="7.428006">
        <ele>2629.1</ele>
      </trkpt>
      <trkpt lat="44.095248" lon="7.427982">
        <ele>2625.0</ele>
      </trkpt>
      <trkpt lat="44.095119" lon="7.427991">
        <ele>2621.8</ele>
      </trkpt>
      <trkpt lat="44.095064" lon="7.428169">
        <ele>2617.0</ele>
      </trkpt>
      <trkpt lat="44.09486" lon="7.4284">
        <ele>2610.6</ele>
      </trkpt>
      <trkpt lat="44.094527" lon="7.428486">
        <ele>2600.6</ele>
      </trkpt>
      <trkpt lat="44.094431" lon="7.428586">
        <ele>2599.7</ele>
      </trkpt>
      <trkpt lat="44.094184" lon="7.428751">
        <ele>2598.0</ele>
      </trkpt>
      <trkpt lat="44.094126" lon="7.428833">
        <ele>2597.3</ele>
      </trkpt>
      <trkpt lat="44.094046" lon="7.428967">
        <ele>2596.1</ele>
      </trkpt>
      <trkpt lat="44.093816" lon="7.429016">
        <ele>2587.6</ele>
      </trkpt>
      <trkpt lat="44.093586" lon="7.429066">
        <ele>2578.4</ele>
      </trkpt>
      <trkpt lat="44.093369" lon="7.429119">
        <ele>2571.3</ele>
      </trkpt>
      <trkpt lat="44.09321" lon="7.429193">
        <ele>2568.4</ele>
      </trkpt>
      <trkpt lat="44.093138" lon="7.429298">
        <ele>2568.9</ele>
      </trkpt>
      <trkpt lat="44.092868" lon="7.429493">
        <ele>2562.3</ele>
      </trkpt>
      <trkpt lat="44.092783" lon="7.429514">
        <ele>2560.1</ele>
      </trkpt>
      <trkpt lat="44.092628" lon="7.429631">
        <ele>2556.8</ele>
      </trkpt>
      <trkpt lat="44.092563" lon="7.429618">
        <ele>2555.0</ele>
      </trkpt>
      <trkpt lat="44.09237" lon="7.429482">
        <ele>2555.3</ele>
      </trkpt>
      <trkpt lat="44.092086" lon="7.429525">
        <ele>2555.7</ele>
      </trkpt>
      <trkpt lat="44.091827" lon="7.429585">
        <ele>2557.6</ele>
      </trkpt>
      <trkpt lat="44.091716" lon="7.429928">
        <ele>2552.7</ele>
      </trkpt>
      <trkpt lat="44.091525" lon="7.430125">
        <ele>2551.3</ele>
      </trkpt>
      <trkpt lat="44.091334" lon="7.430323">
        <ele>2550.9</ele>
      </trkpt>
      <trkpt lat="44.091242" lon="7.430469">
        <ele>2550.3</ele>
      </trkpt>
      <trkpt lat="44.091002" lon="7.430737">
        <ele>2553.5</ele>
      </trkpt>
      <trkpt lat="44.090774" lon="7.431121">
        <ele>2543.3</ele>
      </trkpt>
      <trkpt lat="44.090524" lon="7.431447">
        <ele>2523.9</ele>
      </trkpt>
      <trkpt lat="44.090274" lon="7.431774">
        <ele>2511.3</ele>
      </trkpt>
      <trkpt lat="44.090252" lon="7.432078">
        <ele>2500.3</ele>
      </trkpt>
      <trkpt lat="44.08997" lon="7.432275">
        <ele>2496.2</ele>
      </trkpt>
      <trkpt lat="44.089764" lon="7.432598">
        <ele>2493.2</ele>
      </trkpt>
      <trkpt lat="44.089564" lon="7.432867">
        <ele>2489.3</ele>
      </trkpt>
      <trkpt lat="44.089305" lon="7.433006">
        <ele>2482.7</ele>
      </trkpt>
      <trkpt lat="44.089158" lon="7.433284">
        <ele>2476.5</ele>
      </trkpt>
      <trkpt lat="44.089038" lon="7.433421">
        <ele>2472.3</ele>
      </trkpt>
      <trkpt lat="44.088628" lon="7.433559">
        <ele>2470.7</ele>
      </trkpt>
      <trkpt lat="44.088319" lon="7.433645">
        <ele>2471.3</ele>
      </trkpt>
      <trkpt lat="44.088057" lon="7.433857">
        <ele>2469.9</ele>
      </trkpt>
      <trkpt lat="44.087795" lon="7.43407">
        <ele>2472.1</ele>
      </trkpt>
      <trkpt lat="44.087636" lon="7.43435">
        <ele>2473.3</ele>
      </trkpt>
      <trkpt lat="44.087376" lon="7.434649">
        <ele>2475.6</ele>
      </trkpt>
      <trkpt lat="44.087092" lon="7.434898">
        <ele>2472.0</ele>
      </trkpt>
      <trkpt lat="44.086904" lon="7.435087">
        <ele>2467.1</ele>
      </trkpt>
      <trkpt lat="44.086751" lon="7.435347">
        <ele>2461.2</ele>
      </trkpt>
      <trkpt lat="44.086562" lon="7.435411">
        <ele>2457.6</ele>
      </trkpt>
      <trkpt lat="44.086421" lon="7.435441">
        <ele>2456.2</ele>
      </trkpt>
      <trkpt lat="44.086189" lon="7.435594">
        <ele>2451.5</ele>
      </trkpt>
      <trkpt lat="44.085958" lon="7.435747">
        <ele>2449.7</ele>
      </trkpt>
      <trkpt lat="44.08556" lon="7.435836">
        <ele>2445.7</ele>
      </trkpt>
      <trkpt lat="44.085335" lon="7.435886">
        <ele>2439.8</ele>
      </trkpt>
      <trkpt lat="44.085114" lon="7.435988">
        <ele>2435.2</ele>
      </trkpt>
      <trkpt lat="44.084957" lon="7.43615">
        <ele>2428.0</ele>
      </trkpt>
      <trkpt lat="44.084677" lon="7.436499">
        <ele>2414.0</ele>
      </trkpt>
      <trkpt lat="44.084614" lon="7.436662">
        <ele>2410.1</ele>
      </trkpt>
      <trkpt lat="44.084597" lon="7.436991">
        <ele>2404.2</ele>
      </trkpt>
      <trkpt lat="44.084603" lon="7.437196">
        <ele>2401.5</ele>
      </trkpt>
      <trkpt lat="44.084544" lon="7.437224">
        <ele>2402.5</ele>
      </trkpt>
      <trkpt lat="44.084536" lon="7.437272">
        <ele>2402.3</ele>
      </trkpt>
      <trkpt lat="44.084542" lon="7.437371">
        <ele>2401.5</ele>
      </trkpt>
      <trkpt lat="44.084599" lon="7.437417">
        <ele>2400.2</ele>
      </trkpt>
      <trkpt lat="44.084701" lon="7.437566">
        <ele>2398.1</ele>
      </trkpt>
      <trkpt lat="44.084863" lon="7.437921">
        <ele>2394.6</ele>
      </trkpt>
      <trkpt lat="44.085021" lon="7.438137">
        <ele>2391.8</ele>
      </trkpt>
      <trkpt lat="44.085051" lon="7.438224">
        <ele>2391.1</ele>
      </trkpt>
      <trkpt lat="44.085103" lon="7.438266">
        <ele>2390.3</ele>
      </trkpt>
      <trkpt lat="44.085171" lon="7.438416">
        <ele>2389.1</ele>
      </trkpt>
      <trkpt lat="44.085187" lon="7.438519">
        <ele>2389.1</ele>
      </trkpt>
      <trkpt lat="44.085167" lon="7.438555">
        <ele>2389.6</ele>
      </trkpt>
      <trkpt lat="44.085173" lon="7.438706">
        <ele>2390.7</ele>
      </trkpt>
      <trkpt lat="44.085219" lon="7.438762">
        <ele>2390.4</ele>
      </trkpt>
      <trkpt lat="44.085327" lon="7.438791">
        <ele>2388.7</ele>
      </trkpt>
      <trkpt lat="44.085449" lon="7.438935">
        <ele>2387.4</ele>
      </trkpt>
      <trkpt lat="44.085583" lon="7.439165">
        <ele>2387.0</ele>
      </trkpt>
      <trkpt lat="44.085913" lon="7.439047">
        <ele>2376.2</ele>
      </trkpt>
      <trkpt lat="44.086174" lon="7.43913">
        <ele>2373.7</ele>
      </trkpt>
      <trkpt lat="44.086435" lon="7.439213">
        <ele>2370.5</ele>
      </trkpt>
      <trkpt lat="44.086491" lon="7.439173">
        <ele>2369.4</ele>
      </trkpt>
      <trkpt lat="44.086709" lon="7.439158">
        <ele>2366.1</ele>
      </trkpt>
      <trkpt lat="44.086885" lon="7.439124">
        <ele>2364.7</ele>
      </trkpt>
      <trkpt lat="44.087108" lon="7.439264">
        <ele>2361.3</ele>
      </trkpt>
      <trkpt lat="44.087187" lon="7.439395">
        <ele>2359.9</ele>
      </trkpt>
      <trkpt lat="44.087322" lon="7.439358">
        <ele>2358.6</ele>
      </trkpt>
      <trkpt lat="44.087454" lon="7.439527">
        <ele>2356.6</ele>
      </trkpt>
      <trkpt lat="44.087608" lon="7.439587">
        <ele>2356.0</ele>
      </trkpt>
      <trkpt lat="44.087649" lon="7.439626">
        <ele>2356.1</ele>
      </trkpt>
      <trkpt lat="44.087788" lon="7.439634">
        <ele>2355.6</ele>
      </trkpt>
      <trkpt lat="44.087954" lon="7.439628">
        <ele>2354.0</ele>
      </trkpt>
      <trkpt lat="44.088041" lon="7.4397">
        <ele>2353.4</ele>
      </trkpt>
      <trkpt lat="44.088231" lon="7.439766">
        <ele>2351.6</ele>
      </trkpt>
      <trkpt lat="44.088323" lon="7.439884">
        <ele>2351.9</ele>
      </trkpt>
      <trkpt lat="44.088532" lon="7.439946">
        <ele>2352.4</ele>
      </trkpt>
      <trkpt lat="44.088769" lon="7.439851">
        <ele>2352.8</ele>
      </trkpt>
      <trkpt lat="44.08915" lon="7.439845">
        <ele>2356.4</ele>
      </trkpt>
      <trkpt lat="44.089314" lon="7.439811">
        <ele>2357.0</ele>
      </trkpt>
      <trkpt lat="44.089495" lon="7.439976">
        <ele>2359.3</ele>
      </trkpt>
      <trkpt lat="44.08957" lon="7.439976">
        <ele>2359.7</ele>
      </trkpt>
      <trkpt lat="44.089811" lon="7.439827">
        <ele>2358.3</ele>
      </trkpt>
      <trkpt lat="44.089951" lon="7.439818">
        <ele>2357.8</ele>
      </trkpt>
      <trkpt lat="44.090019" lon="7.439844">
        <ele>2357.5</ele>
      </trkpt>
      <trkpt lat="44.090105" lon="7.440117">
        <ele>2363.0</ele>
      </trkpt>
      <trkpt lat="44.09016" lon="7.440165">
        <ele>2363.3</ele>
      </trkpt>
      <trkpt lat="44.090155" lon="7.439883">
        <ele>2354.1</ele>
      </trkpt>
      <trkpt lat="44.090353" lon="7.439913">
        <ele>2348.7</ele>
      </trkpt>
      <trkpt lat="44.090513" lon="7.440053">
        <ele>2347.2</ele>
      </trkpt>
      <trkpt lat="44.090687" lon="7.440255">
        <ele>2345.5</ele>
      </trkpt>
      <trkpt lat="44.09086" lon="7.440456">
        <ele>2344.4</ele>
      </trkpt>
      <trkpt lat="44.09106" lon="7.440544">
        <ele>2341.8</ele>
      </trkpt>
      <trkpt lat="44.091068" lon="7.440605">
        <ele>2343.0</ele>
      </trkpt>
      <trkpt lat="44.091215" lon="7.440712">
        <ele>2342.8</ele>
      </trkpt>
      <trkpt lat="44.091273" lon="7.440866">
        <ele>2346.2</ele>
      </trkpt>
      <trkpt lat="44.091383" lon="7.440888">
        <ele>2345.6</ele>
      </trkpt>
      <trkpt lat="44.091483" lon="7.440811">
        <ele>2342.4</ele>
      </trkpt>
      <trkpt lat="44.091842" lon="7.440901">
        <ele>2342.5</ele>
      </trkpt>
      <trkpt lat="44.091955" lon="7.440979">
        <ele>2343.6</ele>
      </trkpt>
      <trkpt lat="44.092209" lon="7.440971">
        <ele>2341.2</ele>
      </trkpt>
      <trkpt lat="44.092506" lon="7.441029">
        <ele>2343.6</ele>
      </trkpt>
      <trkpt lat="44.092764" lon="7.44123">
        <ele>2346.6</ele>
      </trkpt>
      <trkpt lat="44.093022" lon="7.441431">
        <ele>2349.6</ele>
      </trkpt>
      <trkpt lat="44.093128" lon="7.441644">
        <ele>2354.5</ele>
      </trkpt>
      <trkpt lat="44.093261" lon="7.441664">
        <ele>2355.6</ele>
      </trkpt>
      <trkpt lat="44.093227" lon="7.441763">
        <ele>2356.7</ele>
      </trkpt>
      <trkpt lat="44.093324" lon="7.441719">
        <ele>2356.3</ele>
      </trkpt>
      <trkpt lat="44.093443" lon="7.441764">
        <ele>2356.3</ele>
      </trkpt>
      <trkpt lat="44.093701" lon="7.441706">
        <ele>2356.8</ele>
      </trkpt>
      <trkpt lat="44.093804" lon="7.441794">
        <ele>2359.8</ele>
      </trkpt>
      <trkpt lat="44.093968" lon="7.441796">
        <ele>2363.8</ele>
      </trkpt>
      <trkpt lat="44.094113" lon="7.44173">
        <ele>2362.7</ele>
      </trkpt>
      <trkpt lat="44.094182" lon="7.441729">
        <ele>2362.0</ele>
      </trkpt>
      <trkpt lat="44.094281" lon="7.441749">
        <ele>2361.4</ele>
      </trkpt>
      <trkpt lat="44.094362" lon="7.441656">
        <ele>2361.2</ele>
      </trkpt>
      <trkpt lat="44.094749" lon="7.441589">
        <ele>2359.7</ele>
      </trkpt>
      <trkpt lat="44.094881" lon="7.441489">
        <ele>2360.0</ele>
      </trkpt>
      <trkpt lat="44.094961" lon="7.441474">
        <ele>2360.4</ele>
      </trkpt>
      <trkpt lat="44.095068" lon="7.441352">
        <ele>2359.6</ele>
      </trkpt>
      <trkpt lat="44.095243" lon="7.441314">
        <ele>2360.2</ele>
      </trkpt>
      <trkpt lat="44.095379" lon="7.441188">
        <ele>2358.4</ele>
      </trkpt>
      <trkpt lat="44.095491" lon="7.441158">
        <ele>2357.7</ele>
      </trkpt>
      <trkpt lat="44.095631" lon="7.441183">
        <ele>2357.7</ele>
      </trkpt>
      <trkpt lat="44.095784" lon="7.441105">
        <ele>2354.6</ele>
      </trkpt>
      <trkpt lat="44.095937" lon="7.440978">
        <ele>2351.3</ele>
      </trkpt>
      <trkpt lat="44.096154" lon="7.440928">
        <ele>2350.9</ele>
      </trkpt>
      <trkpt lat="44.096205" lon="7.440847">
        <ele>2350.3</ele>
      </trkpt>
      <trkpt lat="44.096247" lon="7.440817">
        <ele>2350.9</ele>
      </trkpt>
      <trkpt lat="44.096258" lon="7.440785">
        <ele>2351.3</ele>
      </trkpt>
      <trkpt lat="44.09625" lon="7.440711">
        <ele>2351.6</ele>
      </trkpt>
      <trkpt lat="44.09633" lon="7.440505">
        <ele>2353.6</ele>
      </trkpt>
      <trkpt lat="44.09651" lon="7.440369">
        <ele>2354.7</ele>
      </trkpt>
      <trkpt lat="44.096708" lon="7.44018">
        <ele>2357.1</ele>
      </trkpt>
      <trkpt lat="44.096832" lon="7.440032">
        <ele>2357.3</ele>
      </trkpt>
      <trkpt lat="44.096929" lon="7.439768">
        <ele>2350.7</ele>
      </trkpt>
      <trkpt lat="44.097024" lon="7.439672">
        <ele>2350.3</ele>
      </trkpt>
      <trkpt lat="44.097208" lon="7.439614">
        <ele>2353.0</ele>
      </trkpt>
      <trkpt lat="44.097366" lon="7.43948">
        <ele>2348.6</ele>
      </trkpt>
      <trkpt lat="44.097183" lon="7.439381">
        <ele>2342.4</ele>
      </trkpt>
      <trkpt lat="44.097236" lon="7.439306">
        <ele>2339.3</ele>
      </trkpt>
      <trkpt lat="44.097122" lon="7.439254">
        <ele>2337.7</ele>
      </trkpt>
      <trkpt lat="44.097257" lon="7.43919">
        <ele>2334.5</ele>
      </trkpt>
      <trkpt lat="44.097557" lon="7.439063">
        <ele>2325.9</ele>
      </trkpt>
      <trkpt lat="44.097662" lon="7.439131">
        <ele>2325.1</ele>
      </trkpt>
      <trkpt lat="44.097743" lon="7.439244">
        <ele>2327.8</ele>
      </trkpt>
      <trkpt lat="44.09811" lon="7.439365">
        <ele>2321.9</ele>
      </trkpt>
      <trkpt lat="44.098395" lon="7.439502">
        <ele>2317.2</ele>
      </trkpt>
      <trkpt lat="44.09868" lon="7.439639">
        <ele>2311.8</ele>
      </trkpt>
      <trkpt lat="44.098881" lon="7.439738">
        <ele>2309.8</ele>
      </trkpt>
      <trkpt lat="44.09899" lon="7.439863">
        <ele>2311.9</ele>
      </trkpt>
      <trkpt lat="44.099101" lon="7.440053">
        <ele>2317.1</ele>
      </trkpt>
      <trkpt lat="44.099321" lon="7.440206">
        <ele>2313.0</ele>
      </trkpt>
      <trkpt lat="44.099352" lon="7.440355">
        <ele>2311.2</ele>
      </trkpt>
      <trkpt lat="44.099217" lon="7.440823">
        <ele>2309.7</ele>
      </trkpt>
      <trkpt lat="44.099161" lon="7.440883">
        <ele>2312.1</ele>
      </trkpt>
      <trkpt lat="44.0991" lon="7.441111">
        <ele>2311.5</ele>
      </trkpt>
      <trkpt lat="44.099198" lon="7.441673">
        <ele>2300.3</ele>
      </trkpt>
      <trkpt lat="44.099355" lon="7.441915">
        <ele>2292.1</ele>
      </trkpt>
      <trkpt lat="44.099432" lon="7.441982">
        <ele>2288.7</ele>
      </trkpt>
      <trkpt lat="44.099407" lon="7.442171">
        <ele>2288.4</ele>
      </trkpt>
      <trkpt lat="44.099444" lon="7.442359">
        <ele>2287.0</ele>
      </trkpt>
      <trkpt lat="44.099549" lon="7.442463">
        <ele>2284.9</ele>
      </trkpt>
      <trkpt lat="44.099672" lon="7.442663">
        <ele>2287.3</ele>
      </trkpt>
      <trkpt lat="44.09982" lon="7.44272">
        <ele>2286.0</ele>
      </trkpt>
      <trkpt lat="44.100178" lon="7.442892">
        <ele>2283.2</ele>
      </trkpt>
      <trkpt lat="44.1004" lon="7.443141">
        <ele>2291.9</ele>
      </trkpt>
      <trkpt lat="44.100529" lon="7.443046">
        <ele>2282.5</ele>
      </trkpt>
      <trkpt lat="44.100634" lon="7.443184">
        <ele>2288.1</ele>
      </trkpt>
      <trkpt lat="44.100893" lon="7.44333">
        <ele>2288.7</ele>
      </trkpt>
      <trkpt lat="44.101047" lon="7.443295">
        <ele>2281.9</ele>
      </trkpt>
      <trkpt lat="44.101139" lon="7.443287">
        <ele>2278.3</ele>
      </trkpt>
      <trkpt lat="44.101201" lon="7.44339">
        <ele>2282.1</ele>
      </trkpt>
      <trkpt lat="44.101387" lon="7.443574">
        <ele>2288.4</ele>
      </trkpt>
      <trkpt lat="44.101588" lon="7.443547">
        <ele>2280.7</ele>
      </trkpt>
      <trkpt lat="44.101703" lon="7.443655">
        <ele>2284.5</ele>
      </trkpt>
      <trkpt lat="44.10186" lon="7.443716">
        <ele>2285.8</ele>
      </trkpt>
      <trkpt lat="44.102008" lon="7.443733">
        <ele>2288.0</ele>
      </trkpt>
      <trkpt lat="44.102206" lon="7.443604">
        <ele>2290.5</ele>
      </trkpt>
      <trkpt lat="44.102298" lon="7.443415">
        <ele>2284.2</ele>
      </trkpt>
      <trkpt lat="44.102535" lon="7.443347">
        <ele>2287.5</ele>
      </trkpt>
      <trkpt lat="44.102773" lon="7.443278">
        <ele>2288.7</ele>
      </trkpt>
      <trkpt lat="44.103007" lon="7.443175">
        <ele>2289.1</ele>
      </trkpt>
      <trkpt lat="44.103142" lon="7.443115">
        <ele>2290.7</ele>
      </trkpt>
      <trkpt lat="44.103188" lon="7.442873">
        <ele>2286.1</ele>
      </trkpt>
      <trkpt lat="44.103173" lon="7.442617">
        <ele>2281.7</ele>
      </trkpt>
      <trkpt lat="44.103229" lon="7.442288">
        <ele>2279.1</ele>
      </trkpt>
      <trkpt lat="44.103327" lon="7.442059">
        <ele>2278.0</ele>
      </trkpt>
      <trkpt lat="44.103457" lon="7.441965">
        <ele>2278.1</ele>
      </trkpt>
      <trkpt lat="44.103617" lon="7.441913">
        <ele>2278.0</ele>
      </trkpt>
      <trkpt lat="44.103759" lon="7.441982">
        <ele>2279.0</ele>
      </trkpt>
      <trkpt lat="44.103925" lon="7.441956">
        <ele>2276.3</ele>
      </trkpt>
      <trkpt lat="44.104036" lon="7.442043">
        <ele>2276.4</ele>
      </trkpt>
      <trkpt lat="44.10419" lon="7.4423">
        <ele>2280.0</ele>
      </trkpt>
      <trkpt lat="44.104412" lon="7.442497">
        <ele>2281.2</ele>
      </trkpt>
      <trkpt lat="44.104726" lon="7.4426">
        <ele>2271.0</ele>
      </trkpt>
      <trkpt lat="44.104739" lon="7.442755">
        <ele>2270.2</ele>
      </trkpt>
      <trkpt lat="44.104707" lon="7.442968">
        <ele>2270.2</ele>
      </trkpt>
      <trkpt lat="44.104688" lon="7.443099">
        <ele>2269.4</ele>
      </trkpt>
      <trkpt lat="44.104891" lon="7.443496">
        <ele>2260.0</ele>
      </trkpt>
      <trkpt lat="44.10499" lon="7.443621">
        <ele>2257.2</ele>
      </trkpt>
      <trkpt lat="44.104978" lon="7.44374">
        <ele>2260.5</ele>
      </trkpt>
      <trkpt lat="44.105031" lon="7.44394">
        <ele>2264.1</ele>
      </trkpt>
      <trkpt lat="44.105123" lon="7.444031">
        <ele>2260.9</ele>
      </trkpt>
      <trkpt lat="44.10522" lon="7.444214">
        <ele>2260.7</ele>
      </trkpt>
      <trkpt lat="44.105352" lon="7.444503">
        <ele>2262.9</ele>
      </trkpt>
      <trkpt lat="44.105287" lon="7.444495">
        <ele>2266.5</ele>
      </trkpt>
      <trkpt lat="44.105254" lon="7.444597">
        <ele>2271.1</ele>
      </trkpt>
      <trkpt lat="44.105309" lon="7.444666">
        <ele>2269.9</ele>
      </trkpt>
      <trkpt lat="44.105417" lon="7.444722">
        <ele>2267.2</ele>
      </trkpt>
      <trkpt lat="44.105497" lon="7.444875">
        <ele>2269.5</ele>
      </trkpt>
      <trkpt lat="44.105553" lon="7.445005">
        <ele>2271.8</ele>
      </trkpt>
      <trkpt lat="44.105641" lon="7.44512">
        <ele>2273.7</ele>
      </trkpt>
      <trkpt lat="44.105725" lon="7.445124">
        <ele>2273.1</ele>
      </trkpt>
      <trkpt lat="44.105873" lon="7.44533">
        <ele>2272.6</ele>
      </trkpt>
      <trkpt lat="44.106009" lon="7.445484">
        <ele>2268.0</ele>
      </trkpt>
      <trkpt lat="44.106147" lon="7.445512">
        <ele>2265.3</ele>
      </trkpt>
      <trkpt lat="44.106183" lon="7.445618">
        <ele>2265.5</ele>
      </trkpt>
      <trkpt lat="44.106214" lon="7.445748">
        <ele>2265.5</ele>
      </trkpt>
      <trkpt lat="44.106243" lon="7.445896">
        <ele>2265.9</ele>
      </trkpt>
      <trkpt lat="44.106212" lon="7.446102">
        <ele>2269.0</ele>
      </trkpt>
      <trkpt lat="44.106243" lon="7.44636">
        <ele>2271.3</ele>
      </trkpt>
      <trkpt lat="44.106323" lon="7.446617">
        <ele>2265.1</ele>
      </trkpt>
      <trkpt lat="44.10631" lon="7.44666">
        <ele>2264.6</ele>
      </trkpt>
      <trkpt lat="44.106335" lon="7.446746">
        <ele>2262.0</ele>
      </trkpt>
      <trkpt lat="44.106397" lon="7.446737">
        <ele>2259.9</ele>
      </trkpt>
      <trkpt lat="44.106464" lon="7.446763">
        <ele>2256.4</ele>
      </trkpt>
      <trkpt lat="44.10644" lon="7.44684">
        <ele>2255.8</ele>
      </trkpt>
      <trkpt lat="44.106464" lon="7.446917">
        <ele>2252.7</ele>
      </trkpt>
      <trkpt lat="44.106514" lon="7.446986">
        <ele>2248.2</ele>
      </trkpt>
      <trkpt lat="44.106588" lon="7.446977">
        <ele>2244.7</ele>
      </trkpt>
      <trkpt lat="44.106692" lon="7.446909">
        <ele>2241.8</ele>
      </trkpt>
      <trkpt lat="44.106729" lon="7.44678">
        <ele>2242.1</ele>
      </trkpt>
      <trkpt lat="44.106773" lon="7.446686">
        <ele>2240.1</ele>
      </trkpt>
      <trkpt lat="44.106822" lon="7.446626">
        <ele>2237.1</ele>
      </trkpt>
      <trkpt lat="44.106853" lon="7.446669">
        <ele>2235.3</ele>
      </trkpt>
      <trkpt lat="44.106887" lon="7.446815">
        <ele>2233.3</ele>
      </trkpt>
      <trkpt lat="44.106948" lon="7.446951">
        <ele>2229.9</ele>
      </trkpt>
      <trkpt lat="44.106999" lon="7.446979">
        <ele>2227.5</ele>
      </trkpt>
      <trkpt lat="44.107022" lon="7.446908">
        <ele>2226.7</ele>
      </trkpt>
      <trkpt lat="44.107023" lon="7.446858">
        <ele>2226.7</ele>
      </trkpt>
      <trkpt lat="44.107045" lon="7.446814">
        <ele>2225.6</ele>
      </trkpt>
      <trkpt lat="44.10708" lon="7.446801">
        <ele>2224.1</ele>
      </trkpt>
      <trkpt lat="44.107114" lon="7.446782">
        <ele>2222.5</ele>
      </trkpt>
      <trkpt lat="44.107175" lon="7.446897">
        <ele>2220.5</ele>
      </trkpt>
      <trkpt lat="44.107231" lon="7.446943">
        <ele>2218.5</ele>
      </trkpt>
      <trkpt lat="44.107276" lon="7.446968">
        <ele>2217.0</ele>
      </trkpt>
      <trkpt lat="44.107327" lon="7.446942">
        <ele>2215.2</ele>
      </trkpt>
      <trkpt lat="44.107396" lon="7.446912">
        <ele>2212.5</ele>
      </trkpt>
      <trkpt lat="44.107437" lon="7.446917">
        <ele>2211.3</ele>
      </trkpt>
      <trkpt lat="44.107503" lon="7.446899">
        <ele>2210.3</ele>
      </trkpt>
      <trkpt lat="44.107508" lon="7.446897">
        <ele>2210.3</ele>
      </trkpt>
      <trkpt lat="44.107601" lon="7.446902">
        <ele>2212.4</ele>
      </trkpt>
      <trkpt lat="44.10769" lon="7.446909">
        <ele>2216.1</ele>
      </trkpt>
      <trkpt lat="44.107779" lon="7.446871">
        <ele>2219.7</ele>
      </trkpt>
      <trkpt lat="44.107878" lon="7.446883">
        <ele>2221.9</ele>
      </trkpt>
      <trkpt lat="44.10794" lon="7.446919">
        <ele>2222.4</ele>
      </trkpt>
      <trkpt lat="44.108007" lon="7.446924">
        <ele>2223.2</ele>
      </trkpt>
      <trkpt lat="44.108045" lon="7.44693">
        <ele>2223.4</ele>
      </trkpt>
      <trkpt lat="44.108141" lon="7.446832">
        <ele>2225.2</ele>
        <name>Refuge de Valmasque, hiver</name>
        <extensions>
          <oa:Extension>
            <oa:mapZoom>13</oa:mapZoom>
          </oa:Extension>
        </extensions>
      </trkpt>
      <trkpt lat="44.108045" lon="7.44693">
        <ele>2223.4</ele>
      </trkpt>
      <trkpt lat="44.108007" lon="7.446924">
        <ele>2223.2</ele>
      </trkpt>
      <trkpt lat="44.10794" lon="7.446919">
        <ele>2222.4</ele>
      </trkpt>
      <trkpt lat="44.107878" lon="7.446883">
        <ele>2221.9</ele>
      </trkpt>
      <trkpt lat="44.107779" lon="7.446871">
        <ele>2219.7</ele>
      </trkpt>
      <trkpt lat="44.10769" lon="7.446909">
        <ele>2216.1</ele>
      </trkpt>
      <trkpt lat="44.107601" lon="7.446902">
        <ele>2212.4</ele>
      </trkpt>
      <trkpt lat="44.107508" lon="7.446897">
        <ele>2210.3</ele>
      </trkpt>
      <trkpt lat="44.107503" lon="7.446899">
        <ele>2210.3</ele>
      </trkpt>
      <trkpt lat="44.107437" lon="7.446917">
        <ele>2211.3</ele>
      </trkpt>
      <trkpt lat="44.107396" lon="7.446912">
        <ele>2212.5</ele>
      </trkpt>
      <trkpt lat="44.107327" lon="7.446942">
        <ele>2215.2</ele>
      </trkpt>
      <trkpt lat="44.107276" lon="7.446968">
        <ele>2217.0</ele>
      </trkpt>
      <trkpt lat="44.107231" lon="7.446943">
        <ele>2218.5</ele>
      </trkpt>
      <trkpt lat="44.107175" lon="7.446897">
        <ele>2220.5</ele>
      </trkpt>
      <trkpt lat="44.107114" lon="7.446782">
        <ele>2222.5</ele>
      </trkpt>
      <trkpt lat="44.10708" lon="7.446801">
        <ele>2224.1</ele>
      </trkpt>
      <trkpt lat="44.107045" lon="7.446814">
        <ele>2225.6</ele>
      </trkpt>
      <trkpt lat="44.107023" lon="7.446858">
        <ele>2226.7</ele>
      </trkpt>
      <trkpt lat="44.107022" lon="7.446908">
        <ele>2226.7</ele>
      </trkpt>
      <trkpt lat="44.106999" lon="7.446979">
        <ele>2227.5</ele>
      </trkpt>
      <trkpt lat="44.106948" lon="7.446951">
        <ele>2229.9</ele>
      </trkpt>
      <trkpt lat="44.106887" lon="7.446815">
        <ele>2233.3</ele>
      </trkpt>
      <trkpt lat="44.106853" lon="7.446669">
        <ele>2235.3</ele>
      </trkpt>
      <trkpt lat="44.106822" lon="7.446626">
        <ele>2237.1</ele>
      </trkpt>
      <trkpt lat="44.106773" lon="7.446686">
        <ele>2240.1</ele>
      </trkpt>
      <trkpt lat="44.106729" lon="7.44678">
        <ele>2242.1</ele>
      </trkpt>
      <trkpt lat="44.106692" lon="7.446909">
        <ele>2241.8</ele>
      </trkpt>
      <trkpt lat="44.106588" lon="7.446977">
        <ele>2244.7</ele>
      </trkpt>
      <trkpt lat="44.106514" lon="7.446986">
        <ele>2248.2</ele>
      </trkpt>
      <trkpt lat="44.106464" lon="7.446917">
        <ele>2252.7</ele>
      </trkpt>
      <trkpt lat="44.10644" lon="7.44684">
        <ele>2255.8</ele>
      </trkpt>
      <trkpt lat="44.106464" lon="7.446763">
        <ele>2256.4</ele>
      </trkpt>
      <trkpt lat="44.106397" lon="7.446737">
        <ele>2259.9</ele>
      </trkpt>
      <trkpt lat="44.106335" lon="7.446746">
        <ele>2262.0</ele>
      </trkpt>
      <trkpt lat="44.10631" lon="7.44666">
        <ele>2264.6</ele>
      </trkpt>
      <trkpt lat="44.106323" lon="7.446617">
        <ele>2265.1</ele>
      </trkpt>
      <trkpt lat="44.106243" lon="7.44636">
        <ele>2271.3</ele>
      </trkpt>
      <trkpt lat="44.106212" lon="7.446102">
        <ele>2269.0</ele>
      </trkpt>
      <trkpt lat="44.106243" lon="7.445896">
        <ele>2265.9</ele>
      </trkpt>
      <trkpt lat="44.106214" lon="7.445748">
        <ele>2265.5</ele>
      </trkpt>
      <trkpt lat="44.106183" lon="7.445618">
        <ele>2265.5</ele>
      </trkpt>
      <trkpt lat="44.106147" lon="7.445512">
        <ele>2265.3</ele>
      </trkpt>
      <trkpt lat="44.106009" lon="7.445484">
        <ele>2268.0</ele>
      </trkpt>
      <trkpt lat="44.105873" lon="7.44533">
        <ele>2272.6</ele>
      </trkpt>
      <trkpt lat="44.105725" lon="7.445124">
        <ele>2273.1</ele>
      </trkpt>
      <trkpt lat="44.105641" lon="7.44512">
        <ele>2273.7</ele>
      </trkpt>
      <trkpt lat="44.105553" lon="7.445005">
        <ele>2271.8</ele>
      </trkpt>
      <trkpt lat="44.105497" lon="7.444875">
        <ele>2269.5</ele>
      </trkpt>
      <trkpt lat="44.105417" lon="7.444722">
        <ele>2267.2</ele>
      </trkpt>
      <trkpt lat="44.105309" lon="7.444666">
        <ele>2269.9</ele>
      </trkpt>
      <trkpt lat="44.105254" lon="7.444597">
        <ele>2271.1</ele>
      </trkpt>
      <trkpt lat="44.105287" lon="7.444495">
        <ele>2266.5</ele>
      </trkpt>
      <trkpt lat="44.105352" lon="7.444503">
        <ele>2262.9</ele>
      </trkpt>
      <trkpt lat="44.10522" lon="7.444214">
        <ele>2260.7</ele>
      </trkpt>
      <trkpt lat="44.105123" lon="7.444031">
        <ele>2260.9</ele>
      </trkpt>
      <trkpt lat="44.105031" lon="7.44394">
        <ele>2264.1</ele>
      </trkpt>
      <trkpt lat="44.104978" lon="7.44374">
        <ele>2260.5</ele>
      </trkpt>
      <trkpt lat="44.10499" lon="7.443621">
        <ele>2257.2</ele>
      </trkpt>
      <trkpt lat="44.104891" lon="7.443496">
        <ele>2260.0</ele>
      </trkpt>
      <trkpt lat="44.104688" lon="7.443099">
        <ele>2269.4</ele>
      </trkpt>
      <trkpt lat="44.104707" lon="7.442968">
        <ele>2270.2</ele>
      </trkpt>
      <trkpt lat="44.104739" lon="7.442755">
        <ele>2270.2</ele>
      </trkpt>
      <trkpt lat="44.104726" lon="7.4426">
        <ele>2271.0</ele>
      </trkpt>
      <trkpt lat="44.104412" lon="7.442497">
        <ele>2281.2</ele>
      </trkpt>
      <trkpt lat="44.10419" lon="7.4423">
        <ele>2280.0</ele>
      </trkpt>
      <trkpt lat="44.104036" lon="7.442043">
        <ele>2276.4</ele>
      </trkpt>
      <trkpt lat="44.103925" lon="7.441956">
        <ele>2276.3</ele>
      </trkpt>
      <trkpt lat="44.103759" lon="7.441982">
        <ele>2279.0</ele>
      </trkpt>
      <trkpt lat="44.103617" lon="7.441913">
        <ele>2278.0</ele>
      </trkpt>
      <trkpt lat="44.103457" lon="7.441965">
        <ele>2278.1</ele>
      </trkpt>
      <trkpt lat="44.103327" lon="7.442059">
        <ele>2278.0</ele>
      </trkpt>
      <trkpt lat="44.103229" lon="7.442288">
        <ele>2279.1</ele>
      </trkpt>
      <trkpt lat="44.103173" lon="7.442617">
        <ele>2281.7</ele>
      </trkpt>
      <trkpt lat="44.103188" lon="7.442873">
        <ele>2286.1</ele>
      </trkpt>
      <trkpt lat="44.103142" lon="7.443115">
        <ele>2290.7</ele>
      </trkpt>
      <trkpt lat="44.103007" lon="7.443175">
        <ele>2289.1</ele>
      </trkpt>
      <trkpt lat="44.102773" lon="7.443278">
        <ele>2288.7</ele>
      </trkpt>
      <trkpt lat="44.102535" lon="7.443347">
        <ele>2287.5</ele>
      </trkpt>
      <trkpt lat="44.102298" lon="7.443415">
        <ele>2284.2</ele>
      </trkpt>
      <trkpt lat="44.102206" lon="7.443604">
        <ele>2290.5</ele>
      </trkpt>
      <trkpt lat="44.102008" lon="7.443733">
        <ele>2288.0</ele>
      </trkpt>
      <trkpt lat="44.10186" lon="7.443716">
        <ele>2285.8</ele>
      </trkpt>
      <trkpt lat="44.101703" lon="7.443655">
        <ele>2284.5</ele>
      </trkpt>
      <trkpt lat="44.101588" lon="7.443547">
        <ele>2280.7</ele>
      </trkpt>
      <trkpt lat="44.101387" lon="7.443574">
        <ele>2288.4</ele>
      </trkpt>
      <trkpt lat="44.101201" lon="7.44339">
        <ele>2282.1</ele>
      </trkpt>
      <trkpt lat="44.101139" lon="7.443287">
        <ele>2278.3</ele>
      </trkpt>
      <trkpt lat="44.101047" lon="7.443295">
        <ele>2281.9</ele>
      </trkpt>
      <trkpt lat="44.100893" lon="7.44333">
        <ele>2288.7</ele>
      </trkpt>
      <trkpt lat="44.100634" lon="7.443184">
        <ele>2288.1</ele>
      </trkpt>
      <trkpt lat="44.100529" lon="7.443046">
        <ele>2282.5</ele>
      </trkpt>
      <trkpt lat="44.1004" lon="7.443141">
        <ele>2291.9</ele>
      </trkpt>
      <trkpt lat="44.100178" lon="7.442892">
        <ele>2283.2</ele>
      </trkpt>
      <trkpt lat="44.09982" lon="7.44272">
        <ele>2286.0</ele>
      </trkpt>
      <trkpt lat="44.099672" lon="7.442663">
        <ele>2287.3</ele>
      </trkpt>
      <trkpt lat="44.099549" lon="7.442463">
        <ele>2284.9</ele>
      </trkpt>
      <trkpt lat="44.099444" lon="7.442359">
        <ele>2287.0</ele>
      </trkpt>
      <trkpt lat="44.099407" lon="7.442171">
        <ele>2288.4</ele>
      </trkpt>
      <trkpt lat="44.099432" lon="7.441982">
        <ele>2288.7</ele>
      </trkpt>
      <trkpt lat="44.099355" lon="7.441915">
        <ele>2292.1</ele>
      </trkpt>
      <trkpt lat="44.099198" lon="7.441673">
        <ele>2300.3</ele>
      </trkpt>
      <trkpt lat="44.0991" lon="7.441111">
        <ele>2311.5</ele>
      </trkpt>
      <trkpt lat="44.099161" lon="7.440883">
        <ele>2312.1</ele>
      </trkpt>
      <trkpt lat="44.099217" lon="7.440823">
        <ele>2309.7</ele>
      </trkpt>
      <trkpt lat="44.099352" lon="7.440355">
        <ele>2311.2</ele>
      </trkpt>
      <trkpt lat="44.099321" lon="7.440206">
        <ele>2313.0</ele>
      </trkpt>
      <trkpt lat="44.099101" lon="7.440053">
        <ele>2317.1</ele>
      </trkpt>
      <trkpt lat="44.09899" lon="7.439863">
        <ele>2311.9</ele>
      </trkpt>
      <trkpt lat="44.098881" lon="7.439738">
        <ele>2309.8</ele>
      </trkpt>
      <trkpt lat="44.09868" lon="7.439639">
        <ele>2311.8</ele>
      </trkpt>
      <trkpt lat="44.098395" lon="7.439502">
        <ele>2317.2</ele>
      </trkpt>
      <trkpt lat="44.09811" lon="7.439365">
        <ele>2321.9</ele>
      </trkpt>
      <trkpt lat="44.097743" lon="7.439244">
        <ele>2327.8</ele>
      </trkpt>
      <trkpt lat="44.097662" lon="7.439131">
        <ele>2325.1</ele>
      </trkpt>
      <trkpt lat="44.097557" lon="7.439063">
        <ele>2325.9</ele>
      </trkpt>
      <trkpt lat="44.097257" lon="7.43919">
        <ele>2334.5</ele>
      </trkpt>
      <trkpt lat="44.097122" lon="7.439254">
        <ele>2337.7</ele>
      </trkpt>
      <trkpt lat="44.097236" lon="7.439306">
        <ele>2339.3</ele>
      </trkpt>
      <trkpt lat="44.097183" lon="7.439381">
        <ele>2342.4</ele>
      </trkpt>
      <trkpt lat="44.097366" lon="7.43948">
        <ele>2348.6</ele>
      </trkpt>
      <trkpt lat="44.097208" lon="7.439614">
        <ele>2353.0</ele>
      </trkpt>
      <trkpt lat="44.097024" lon="7.439672">
        <ele>2350.3</ele>
      </trkpt>
      <trkpt lat="44.096929" lon="7.439768">
        <ele>2350.7</ele>
      </trkpt>
      <trkpt lat="44.096832" lon="7.440032">
        <ele>2357.3</ele>
      </trkpt>
      <trkpt lat="44.096708" lon="7.44018">
        <ele>2357.1</ele>
      </trkpt>
      <trkpt lat="44.09651" lon="7.440369">
        <ele>2354.7</ele>
      </trkpt>
      <trkpt lat="44.09633" lon="7.440505">
        <ele>2353.6</ele>
      </trkpt>
      <trkpt lat="44.09625" lon="7.440711">
        <ele>2351.6</ele>
      </trkpt>
      <trkpt lat="44.096258" lon="7.440785">
        <ele>2351.3</ele>
      </trkpt>
      <trkpt lat="44.096247" lon="7.440817">
        <ele>2350.9</ele>
      </trkpt>
      <trkpt lat="44.096205" lon="7.440847">
        <ele>2350.3</ele>
      </trkpt>
      <trkpt lat="44.096154" lon="7.440928">
        <ele>2350.9</ele>
      </trkpt>
      <trkpt lat="44.095937" lon="7.440978">
        <ele>2351.3</ele>
      </trkpt>
      <trkpt lat="44.095784" lon="7.441105">
        <ele>2354.6</ele>
      </trkpt>
      <trkpt lat="44.095631" lon="7.441183">
        <ele>2357.7</ele>
      </trkpt>
      <trkpt lat="44.095491" lon="7.441158">
        <ele>2357.7</ele>
      </trkpt>
      <trkpt lat="44.095379" lon="7.441188">
        <ele>2358.4</ele>
      </trkpt>
      <trkpt lat="44.095243" lon="7.441314">
        <ele>2360.2</ele>
      </trkpt>
      <trkpt lat="44.095068" lon="7.441352">
        <ele>2359.6</ele>
      </trkpt>
      <trkpt lat="44.094961" lon="7.441474">
        <ele>2360.4</ele>
      </trkpt>
      <trkpt lat="44.094881" lon="7.441489">
        <ele>2360.0</ele>
      </trkpt>
      <trkpt lat="44.094749" lon="7.441589">
        <ele>2359.7</ele>
      </trkpt>
      <trkpt lat="44.094362" lon="7.441656">
        <ele>2361.2</ele>
      </trkpt>
      <trkpt lat="44.094281" lon="7.441749">
        <ele>2361.4</ele>
      </trkpt>
      <trkpt lat="44.094182" lon="7.441729">
        <ele>2362.0</ele>
      </trkpt>
      <trkpt lat="44.094113" lon="7.44173">
        <ele>2362.7</ele>
      </trkpt>
      <trkpt lat="44.093968" lon="7.441796">
        <ele>2363.8</ele>
      </trkpt>
      <trkpt lat="44.093804" lon="7.441794">
        <ele>2359.8</ele>
      </trkpt>
      <trkpt lat="44.093701" lon="7.441706">
        <ele>2356.8</ele>
      </trkpt>
      <trkpt lat="44.093443" lon="7.441764">
        <ele>2356.3</ele>
      </trkpt>
      <trkpt lat="44.093324" lon="7.441719">
        <ele>2356.3</ele>
      </trkpt>
      <trkpt lat="44.093227" lon="7.441763">
        <ele>2356.7</ele>
      </trkpt>
      <trkpt lat="44.093261" lon="7.441664">
        <ele>2355.6</ele>
      </trkpt>
      <trkpt lat="44.093128" lon="7.441644">
        <ele>2354.5</ele>
      </trkpt>
      <trkpt lat="44.093022" lon="7.441431">
        <ele>2349.6</ele>
      </trkpt>
      <trkpt lat="44.092764" lon="7.44123">
        <ele>2346.6</ele>
      </trkpt>
      <trkpt lat="44.092506" lon="7.441029">
        <ele>2343.6</ele>
      </trkpt>
      <trkpt lat="44.092209" lon="7.440971">
        <ele>2341.2</ele>
      </trkpt>
      <trkpt lat="44.091955" lon="7.440979">
        <ele>2343.6</ele>
      </trkpt>
      <trkpt lat="44.091842" lon="7.440901">
        <ele>2342.5</ele>
      </trkpt>
      <trkpt lat="44.091483" lon="7.440811">
        <ele>2342.4</ele>
      </trkpt>
      <trkpt lat="44.091383" lon="7.440888">
        <ele>2345.6</ele>
      </trkpt>
      <trkpt lat="44.091273" lon="7.440866">
        <ele>2346.2</ele>
      </trkpt>
      <trkpt lat="44.091215" lon="7.440712">
        <ele>2342.8</ele>
      </trkpt>
      <trkpt lat="44.091068" lon="7.440605">
        <ele>2343.0</ele>
      </trkpt>
      <trkpt lat="44.09106" lon="7.440544">
        <ele>2341.8</ele>
      </trkpt>
      <trkpt lat="44.09086" lon="7.440456">
        <ele>2344.4</ele>
      </trkpt>
      <trkpt lat="44.090687" lon="7.440255">
        <ele>2345.5</ele>
      </trkpt>
      <trkpt lat="44.090513" lon="7.440053">
        <ele>2347.2</ele>
      </trkpt>
      <trkpt lat="44.090353" lon="7.439913">
        <ele>2348.7</ele>
      </trkpt>
      <trkpt lat="44.090155" lon="7.439883">
        <ele>2354.1</ele>
      </trkpt>
      <trkpt lat="44.09016" lon="7.440165">
        <ele>2363.3</ele>
      </trkpt>
      <trkpt lat="44.090105" lon="7.440117">
        <ele>2363.0</ele>
      </trkpt>
      <trkpt lat="44.090019" lon="7.439844">
        <ele>2357.5</ele>
      </trkpt>
      <trkpt lat="44.089951" lon="7.439818">
        <ele>2357.8</ele>
      </trkpt>
      <trkpt lat="44.089811" lon="7.439827">
        <ele>2358.3</ele>
      </trkpt>
      <trkpt lat="44.08957" lon="7.439976">
        <ele>2359.7</ele>
      </trkpt>
      <trkpt lat="44.089495" lon="7.439976">
        <ele>2359.3</ele>
      </trkpt>
      <trkpt lat="44.089314" lon="7.439811">
        <ele>2357.0</ele>
      </trkpt>
      <trkpt lat="44.08915" lon="7.439845">
        <ele>2356.4</ele>
      </trkpt>
      <trkpt lat="44.088769" lon="7.439851">
        <ele>2352.8</ele>
      </trkpt>
      <trkpt lat="44.088532" lon="7.439946">
        <ele>2352.4</ele>
      </trkpt>
      <trkpt lat="44.088323" lon="7.439884">
        <ele>2351.9</ele>
      </trkpt>
      <trkpt lat="44.088231" lon="7.439766">
        <ele>2351.6</ele>
      </trkpt>
      <trkpt lat="44.088041" lon="7.4397">
        <ele>2353.4</ele>
      </trkpt>
      <trkpt lat="44.087954" lon="7.439628">
        <ele>2354.0</ele>
      </trkpt>
      <trkpt lat="44.087788" lon="7.439634">
        <ele>2355.6</ele>
      </trkpt>
      <trkpt lat="44.087649" lon="7.439626">
        <ele>2356.1</ele>
      </trkpt>
      <trkpt lat="44.087608" lon="7.439587">
        <ele>2356.0</ele>
      </trkpt>
      <trkpt lat="44.087454" lon="7.439527">
        <ele>2356.6</ele>
      </trkpt>
      <trkpt lat="44.087322" lon="7.439358">
        <ele>2358.6</ele>
      </trkpt>
      <trkpt lat="44.087187" lon="7.439395">
        <ele>2359.9</ele>
      </trkpt>
      <trkpt lat="44.087108" lon="7.439264">
        <ele>2361.3</ele>
      </trkpt>
      <trkpt lat="44.086885" lon="7.439124">
        <ele>2364.7</ele>
      </trkpt>
      <trkpt lat="44.086709" lon="7.439158">
        <ele>2366.1</ele>
      </trkpt>
      <trkpt lat="44.086491" lon="7.439173">
        <ele>2369.4</ele>
      </trkpt>
      <trkpt lat="44.086435" lon="7.439213">
        <ele>2370.5</ele>
      </trkpt>
      <trkpt lat="44.086174" lon="7.43913">
        <ele>2373.7</ele>
      </trkpt>
      <trkpt lat="44.085913" lon="7.439047">
        <ele>2376.2</ele>
      </trkpt>
      <trkpt lat="44.085583" lon="7.439165">
        <ele>2387.0</ele>
      </trkpt>
      <trkpt lat="44.085449" lon="7.438935">
        <ele>2387.4</ele>
      </trkpt>
      <trkpt lat="44.085327" lon="7.438791">
        <ele>2388.7</ele>
      </trkpt>
      <trkpt lat="44.085219" lon="7.438762">
        <ele>2390.4</ele>
      </trkpt>
      <trkpt lat="44.085173" lon="7.438706">
        <ele>2390.7</ele>
      </trkpt>
      <trkpt lat="44.085167" lon="7.438555">
        <ele>2389.6</ele>
      </trkpt>
      <trkpt lat="44.085187" lon="7.438519">
        <ele>2389.1</ele>
      </trkpt>
      <trkpt lat="44.085171" lon="7.438416">
        <ele>2389.1</ele>
      </trkpt>
      <trkpt lat="44.085103" lon="7.438266">
        <ele>2390.3</ele>
      </trkpt>
      <trkpt lat="44.085051" lon="7.438224">
        <ele>2391.1</ele>
      </trkpt>
      <trkpt lat="44.085021" lon="7.438137">
        <ele>2391.8</ele>
      </trkpt>
      <trkpt lat="44.084863" lon="7.437921">
        <ele>2394.6</ele>
      </trkpt>
      <trkpt lat="44.084701" lon="7.437566">
        <ele>2398.1</ele>
      </trkpt>
      <trkpt lat="44.084599" lon="7.437417">
        <ele>2400.2</ele>
      </trkpt>
      <trkpt lat="44.084542" lon="7.437371">
        <ele>2401.5</ele>
      </trkpt>
      <trkpt lat="44.084536" lon="7.437272">
        <ele>2402.3</ele>
      </trkpt>
      <trkpt lat="44.084286" lon="7.437271">
        <ele>2409.3</ele>
      </trkpt>
      <trkpt lat="44.084254" lon="7.43721">
        <ele>2411.0</ele>
      </trkpt>
      <trkpt lat="44.084134" lon="7.43725">
        <ele>2412.9</ele>
      </trkpt>
      <trkpt lat="44.084091" lon="7.437351">
        <ele>2412.9</ele>
      </trkpt>
      <trkpt lat="44.08403" lon="7.437324">
        <ele>2414.4</ele>
      </trkpt>
      <trkpt lat="44.083989" lon="7.437453">
        <ele>2414.5</ele>
      </trkpt>
      <trkpt lat="44.08377" lon="7.437567">
        <ele>2417.4</ele>
      </trkpt>
      <trkpt lat="44.083612" lon="7.437704">
        <ele>2418.0</ele>
      </trkpt>
      <trkpt lat="44.083549" lon="7.437913">
        <ele>2417.0</ele>
      </trkpt>
      <trkpt lat="44.083423" lon="7.438088">
        <ele>2420.4</ele>
      </trkpt>
      <trkpt lat="44.083429" lon="7.438239">
        <ele>2424.3</ele>
      </trkpt>
      <trkpt lat="44.083326" lon="7.438239">
        <ele>2427.5</ele>
      </trkpt>
      <trkpt lat="44.083355" lon="7.43836">
        <ele>2430.9</ele>
      </trkpt>
      <trkpt lat="44.083024" lon="7.438349">
        <ele>2442.8</ele>
      </trkpt>
      <trkpt lat="44.082978" lon="7.438291">
        <ele>2441.5</ele>
      </trkpt>
      <trkpt lat="44.082897" lon="7.438316">
        <ele>2444.9</ele>
      </trkpt>
      <trkpt lat="44.082717" lon="7.438332">
        <ele>2451.7</ele>
      </trkpt>
      <trkpt lat="44.082549" lon="7.43828">
        <ele>2456.9</ele>
      </trkpt>
      <trkpt lat="44.082388" lon="7.438195">
        <ele>2462.7</ele>
      </trkpt>
      <trkpt lat="44.082318" lon="7.438071">
        <ele>2462.2</ele>
      </trkpt>
      <trkpt lat="44.082262" lon="7.438004">
        <ele>2463.5</ele>
      </trkpt>
      <trkpt lat="44.082202" lon="7.437873">
        <ele>2464.8</ele>
      </trkpt>
      <trkpt lat="44.082168" lon="7.437868">
        <ele>2466.5</ele>
      </trkpt>
      <trkpt lat="44.082132" lon="7.437844">
        <ele>2468.2</ele>
      </trkpt>
      <trkpt lat="44.082129" lon="7.437918">
        <ele>2469.0</ele>
      </trkpt>
      <trkpt lat="44.082149" lon="7.437985">
        <ele>2469.0</ele>
      </trkpt>
      <trkpt lat="44.082136" lon="7.438074">
        <ele>2471.3</ele>
      </trkpt>
      <trkpt lat="44.082175" lon="7.438148">
        <ele>2471.3</ele>
      </trkpt>
      <trkpt lat="44.08213" lon="7.438475">
        <ele>2481.8</ele>
      </trkpt>
      <trkpt lat="44.082193" lon="7.438629">
        <ele>2483.5</ele>
      </trkpt>
      <trkpt lat="44.082173" lon="7.438667">
        <ele>2485.4</ele>
      </trkpt>
      <trkpt lat="44.081882" lon="7.438493">
        <ele>2492.6</ele>
      </trkpt>
      <trkpt lat="44.081557" lon="7.438413">
        <ele>2504.8</ele>
      </trkpt>
      <trkpt lat="44.081621" lon="7.438784">
        <ele>2512.1</ele>
      </trkpt>
      <trkpt lat="44.081684" lon="7.439155">
        <ele>2522.7</ele>
      </trkpt>
      <trkpt lat="44.081375" lon="7.439055">
        <ele>2531.3</ele>
      </trkpt>
      <trkpt lat="44.08103" lon="7.438992">
        <ele>2542.7</ele>
      </trkpt>
      <trkpt lat="44.080882" lon="7.438981">
        <ele>2546.8</ele>
      </trkpt>
      <trkpt lat="44.08086" lon="7.438962">
        <ele>2546.9</ele>
      </trkpt>
      <trkpt lat="44.080837" lon="7.438962">
        <ele>2547.4</ele>
      </trkpt>
      <trkpt lat="44.08081" lon="7.438939">
        <ele>2547.4</ele>
      </trkpt>
      <trkpt lat="44.080783" lon="7.438939">
        <ele>2547.9</ele>
      </trkpt>
      <trkpt lat="44.080734" lon="7.438915">
        <ele>2548.1</ele>
      </trkpt>
      <trkpt lat="44.080725" lon="7.438907">
        <ele>2548.1</ele>
      </trkpt>
      <trkpt lat="44.080669" lon="7.438871">
        <ele>2548.0</ele>
      </trkpt>
      <trkpt lat="44.080616" lon="7.43877">
        <ele>2547.3</ele>
      </trkpt>
      <trkpt lat="44.080602" lon="7.438716">
        <ele>2547.2</ele>
      </trkpt>
      <trkpt lat="44.080591" lon="7.43861">
        <ele>2548.2</ele>
      </trkpt>
      <trkpt lat="44.080567" lon="7.438566">
        <ele>2548.9</ele>
      </trkpt>
      <trkpt lat="44.080548" lon="7.43853">
        <ele>2549.5</ele>
      </trkpt>
      <trkpt lat="44.080525" lon="7.438467">
        <ele>2550.6</ele>
      </trkpt>
      <trkpt lat="44.080475" lon="7.438436">
        <ele>2551.0</ele>
      </trkpt>
      <trkpt lat="44.080436" lon="7.438431">
        <ele>2550.7</ele>
      </trkpt>
      <trkpt lat="44.080407" lon="7.43836">
        <ele>2551.7</ele>
      </trkpt>
      <trkpt lat="44.080355" lon="7.438271">
        <ele>2552.4</ele>
      </trkpt>
      <trkpt lat="44.080335" lon="7.438262">
        <ele>2552.1</ele>
      </trkpt>
      <trkpt lat="44.080308" lon="7.438288">
        <ele>2550.8</ele>
      </trkpt>
      <trkpt lat="44.080295" lon="7.438331">
        <ele>2549.3</ele>
      </trkpt>
      <trkpt lat="44.080265" lon="7.438329">
        <ele>2548.2</ele>
      </trkpt>
      <trkpt lat="44.080236" lon="7.438266">
        <ele>2548.4</ele>
      </trkpt>
      <trkpt lat="44.080225" lon="7.438202">
        <ele>2549.2</ele>
      </trkpt>
      <trkpt lat="44.080205" lon="7.438183">
        <ele>2548.6</ele>
      </trkpt>
      <trkpt lat="44.080185" lon="7.438183">
        <ele>2547.5</ele>
      </trkpt>
      <trkpt lat="44.080172" lon="7.438168">
        <ele>2547.0</ele>
      </trkpt>
      <trkpt lat="44.080171" lon="7.438125">
        <ele>2547.7</ele>
      </trkpt>
      <trkpt lat="44.080185" lon="7.438104">
        <ele>2548.8</ele>
      </trkpt>
      <trkpt lat="44.080189" lon="7.437975">
        <ele>2550.1</ele>
      </trkpt>
      <trkpt lat="44.080032" lon="7.437711">
        <ele>2542.0</ele>
      </trkpt>
      <trkpt lat="44.080003" lon="7.437737">
        <ele>2539.6</ele>
      </trkpt>
      <trkpt lat="44.079966" lon="7.437529">
        <ele>2539.5</ele>
      </trkpt>
      <trkpt lat="44.079892" lon="7.437424">
        <ele>2536.8</ele>
      </trkpt>
      <trkpt lat="44.079809" lon="7.437344">
        <ele>2533.2</ele>
      </trkpt>
      <trkpt lat="44.079737" lon="7.437311">
        <ele>2528.8</ele>
      </trkpt>
      <trkpt lat="44.079717" lon="7.437315">
        <ele>2527.3</ele>
      </trkpt>
      <trkpt lat="44.079718" lon="7.437336">
        <ele>2526.6</ele>
      </trkpt>
      <trkpt lat="44.079748" lon="7.437426">
        <ele>2525.9</ele>
      </trkpt>
      <trkpt lat="44.079766" lon="7.437466">
        <ele>2526.2</ele>
      </trkpt>
      <trkpt lat="44.079769" lon="7.437485">
        <ele>2525.9</ele>
      </trkpt>
      <trkpt lat="44.079764" lon="7.437491">
        <ele>2525.4</ele>
      </trkpt>
      <trkpt lat="44.079719" lon="7.437463">
        <ele>2522.7</ele>
      </trkpt>
      <trkpt lat="44.079698" lon="7.437459">
        <ele>2521.2</ele>
      </trkpt>
      <trkpt lat="44.079701" lon="7.437485">
        <ele>2520.7</ele>
      </trkpt>
      <trkpt lat="44.079714" lon="7.437521">
        <ele>2520.9</ele>
      </trkpt>
      <trkpt lat="44.079716" lon="7.437571">
        <ele>2519.8</ele>
      </trkpt>
      <trkpt lat="44.079718" lon="7.437688">
        <ele>2517.3</ele>
      </trkpt>
      <trkpt lat="44.079722" lon="7.437873">
        <ele>2513.5</ele>
      </trkpt>
      <trkpt lat="44.079707" lon="7.437874">
        <ele>2512.2</ele>
      </trkpt>
      <trkpt lat="44.079681" lon="7.437835">
        <ele>2510.9</ele>
      </trkpt>
      <trkpt lat="44.079623" lon="7.437704">
        <ele>2509.5</ele>
      </trkpt>
      <trkpt lat="44.079581" lon="7.437695">
        <ele>2506.5</ele>
      </trkpt>
      <trkpt lat="44.079515" lon="7.437504">
        <ele>2506.2</ele>
      </trkpt>
      <trkpt lat="44.079488" lon="7.437515">
        <ele>2504.0</ele>
      </trkpt>
      <trkpt lat="44.079495" lon="7.437632">
        <ele>2501.7</ele>
      </trkpt>
      <trkpt lat="44.079299" lon="7.437461">
        <ele>2493.0</ele>
      </trkpt>
      <trkpt lat="44.079278" lon="7.437406">
        <ele>2493.6</ele>
      </trkpt>
      <trkpt lat="44.078917" lon="7.437098">
        <ele>2485.7</ele>
      </trkpt>
      <trkpt lat="44.078905" lon="7.437107">
        <ele>2484.6</ele>
      </trkpt>
      <trkpt lat="44.079071" lon="7.437631">
        <ele>2473.9</ele>
      </trkpt>
      <trkpt lat="44.07906" lon="7.437648">
        <ele>2472.7</ele>
      </trkpt>
      <trkpt lat="44.078846" lon="7.437464">
        <ele>2466.3</ele>
      </trkpt>
      <trkpt lat="44.078632" lon="7.43728">
        <ele>2461.9</ele>
      </trkpt>
      <trkpt lat="44.078645" lon="7.437416">
        <ele>2457.9</ele>
      </trkpt>
      <trkpt lat="44.078682" lon="7.437625">
        <ele>2453.3</ele>
      </trkpt>
      <trkpt lat="44.078729" lon="7.437705">
        <ele>2452.7</ele>
      </trkpt>
      <trkpt lat="44.078718" lon="7.437729">
        <ele>2451.3</ele>
      </trkpt>
      <trkpt lat="44.078671" lon="7.437699">
        <ele>2450.3</ele>
      </trkpt>
      <trkpt lat="44.07864" lon="7.437696">
        <ele>2448.9</ele>
      </trkpt>
      <trkpt lat="44.078629" lon="7.437675">
        <ele>2449.2</ele>
      </trkpt>
      <trkpt lat="44.078561" lon="7.437656">
        <ele>2446.7</ele>
      </trkpt>
      <trkpt lat="44.078425" lon="7.437449">
        <ele>2447.0</ele>
      </trkpt>
      <trkpt lat="44.078373" lon="7.437408">
        <ele>2445.7</ele>
      </trkpt>
      <trkpt lat="44.078342" lon="7.437381">
        <ele>2444.8</ele>
      </trkpt>
      <trkpt lat="44.078306" lon="7.437332">
        <ele>2444.3</ele>
      </trkpt>
      <trkpt lat="44.078264" lon="7.437328">
        <ele>2441.8</ele>
      </trkpt>
      <trkpt lat="44.078235" lon="7.437349">
        <ele>2439.4</ele>
      </trkpt>
      <trkpt lat="44.078251" lon="7.437398">
        <ele>2438.8</ele>
      </trkpt>
      <trkpt lat="44.078257" lon="7.437488">
        <ele>2436.4</ele>
      </trkpt>
      <trkpt lat="44.078242" lon="7.437493">
        <ele>2435.3</ele>
      </trkpt>
      <trkpt lat="44.078214" lon="7.437447">
        <ele>2435.0</ele>
      </trkpt>
      <trkpt lat="44.07821" lon="7.437496">
        <ele>2433.2</ele>
      </trkpt>
      <trkpt lat="44.078232" lon="7.437563">
        <ele>2432.4</ele>
      </trkpt>
      <trkpt lat="44.078259" lon="7.437619">
        <ele>2432.3</ele>
      </trkpt>
      <trkpt lat="44.078276" lon="7.43778">
        <ele>2427.7</ele>
      </trkpt>
      <trkpt lat="44.078317" lon="7.437845">
        <ele>2427.4</ele>
      </trkpt>
      <trkpt lat="44.078361" lon="7.438019">
        <ele>2424.4</ele>
      </trkpt>
      <trkpt lat="44.078358" lon="7.438055">
        <ele>2423.5</ele>
      </trkpt>
      <trkpt lat="44.078338" lon="7.438067">
        <ele>2422.4</ele>
      </trkpt>
      <trkpt lat="44.078253" lon="7.438066">
        <ele>2418.8</ele>
      </trkpt>
      <trkpt lat="44.078196" lon="7.438043">
        <ele>2416.7</ele>
      </trkpt>
      <trkpt lat="44.078103" lon="7.437928">
        <ele>2414.2</ele>
      </trkpt>
      <trkpt lat="44.078057" lon="7.437827">
        <ele>2413.4</ele>
      </trkpt>
      <trkpt lat="44.078024" lon="7.437737">
        <ele>2413.1</ele>
      </trkpt>
      <trkpt lat="44.077935" lon="7.437645">
        <ele>2409.2</ele>
      </trkpt>
      <trkpt lat="44.077916" lon="7.437583">
        <ele>2409.7</ele>
      </trkpt>
      <trkpt lat="44.077871" lon="7.437512">
        <ele>2409.3</ele>
      </trkpt>
      <trkpt lat="44.077709" lon="7.437453">
        <ele>2402.6</ele>
      </trkpt>
      <trkpt lat="44.07766" lon="7.437471">
        <ele>2399.9</ele>
      </trkpt>
      <trkpt lat="44.077585" lon="7.437426">
        <ele>2397.7</ele>
      </trkpt>
      <trkpt lat="44.077547" lon="7.43745">
        <ele>2395.7</ele>
      </trkpt>
      <trkpt lat="44.077519" lon="7.437418">
        <ele>2395.4</ele>
      </trkpt>
      <trkpt lat="44.077503" lon="7.437399">
        <ele>2395.3</ele>
      </trkpt>
      <trkpt lat="44.077488" lon="7.437422">
        <ele>2394.3</ele>
      </trkpt>
      <trkpt lat="44.077469" lon="7.437467">
        <ele>2392.8</ele>
      </trkpt>
      <trkpt lat="44.077458" lon="7.437503">
        <ele>2391.9</ele>
      </trkpt>
      <trkpt lat="44.077465" lon="7.437536">
        <ele>2391.5</ele>
      </trkpt>
      <trkpt lat="44.077411" lon="7.437599">
        <ele>2389.8</ele>
      </trkpt>
      <trkpt lat="44.077364" lon="7.43761">
        <ele>2389.3</ele>
      </trkpt>
      <trkpt lat="44.077313" lon="7.4377">
        <ele>2387.9</ele>
      </trkpt>
      <trkpt lat="44.0772" lon="7.437833">
        <ele>2386.0</ele>
      </trkpt>
      <trkpt lat="44.076914" lon="7.43798">
        <ele>2386.0</ele>
      </trkpt>
      <trkpt lat="44.076767" lon="7.438008">
        <ele>2384.6</ele>
      </trkpt>
      <trkpt lat="44.076441" lon="7.438172">
        <ele>2383.6</ele>
      </trkpt>
      <trkpt lat="44.076381" lon="7.438203">
        <ele>2383.4</ele>
      </trkpt>
      <trkpt lat="44.076333" lon="7.438272">
        <ele>2383.1</ele>
      </trkpt>
      <trkpt lat="44.076272" lon="7.438325">
        <ele>2382.8</ele>
      </trkpt>
      <trkpt lat="44.076221" lon="7.438325">
        <ele>2382.8</ele>
      </trkpt>
      <trkpt lat="44.076172" lon="7.438294">
        <ele>2383.0</ele>
      </trkpt>
      <trkpt lat="44.076145" lon="7.438293">
        <ele>2383.0</ele>
      </trkpt>
      <trkpt lat="44.076121" lon="7.438252">
        <ele>2383.1</ele>
      </trkpt>
      <trkpt lat="44.076069" lon="7.438201">
        <ele>2383.2</ele>
      </trkpt>
      <trkpt lat="44.076016" lon="7.43821">
        <ele>2383.3</ele>
      </trkpt>
      <trkpt lat="44.075953" lon="7.438265">
        <ele>2383.5</ele>
      </trkpt>
      <trkpt lat="44.0759" lon="7.438305">
        <ele>2383.5</ele>
      </trkpt>
      <trkpt lat="44.075806" lon="7.438307">
        <ele>2383.2</ele>
      </trkpt>
      <trkpt lat="44.075689" lon="7.438346">
        <ele>2381.7</ele>
      </trkpt>
      <trkpt lat="44.075548" lon="7.438462">
        <ele>2379.4</ele>
      </trkpt>
      <trkpt lat="44.07551" lon="7.438514">
        <ele>2378.8</ele>
      </trkpt>
      <trkpt lat="44.075486" lon="7.438557">
        <ele>2378.5</ele>
      </trkpt>
      <trkpt lat="44.075458" lon="7.438573">
        <ele>2378.3</ele>
      </trkpt>
      <trkpt lat="44.075385" lon="7.4386">
        <ele>2377.6</ele>
      </trkpt>
      <trkpt lat="44.075308" lon="7.438613">
        <ele>2376.6</ele>
      </trkpt>
      <trkpt lat="44.075276" lon="7.438601">
        <ele>2376.1</ele>
      </trkpt>
      <trkpt lat="44.075203" lon="7.438613">
        <ele>2375.0</ele>
      </trkpt>
      <trkpt lat="44.075019" lon="7.438715">
        <ele>2373.3</ele>
      </trkpt>
      <trkpt lat="44.074889" lon="7.438783">
        <ele>2372.5</ele>
      </trkpt>
      <trkpt lat="44.074628" lon="7.438907">
        <ele>2370.7</ele>
      </trkpt>
      <trkpt lat="44.074529" lon="7.438914">
        <ele>2368.6</ele>
      </trkpt>
      <trkpt lat="44.074474" lon="7.438912">
        <ele>2367.3</ele>
      </trkpt>
      <trkpt lat="44.074422" lon="7.43895">
        <ele>2366.5</ele>
      </trkpt>
      <trkpt lat="44.074371" lon="7.43902">
        <ele>2366.3</ele>
      </trkpt>
      <trkpt lat="44.074299" lon="7.439038">
        <ele>2364.7</ele>
      </trkpt>
      <trkpt lat="44.074209" lon="7.439115">
        <ele>2364.7</ele>
      </trkpt>
      <trkpt lat="44.074124" lon="7.439122">
        <ele>2363.0</ele>
      </trkpt>
      <trkpt lat="44.074072" lon="7.439146">
        <ele>2362.6</ele>
      </trkpt>
      <trkpt lat="44.074008" lon="7.439203">
        <ele>2362.7</ele>
      </trkpt>
      <trkpt lat="44.073892" lon="7.439277">
        <ele>2361.1</ele>
      </trkpt>
      <trkpt lat="44.0738" lon="7.439312">
        <ele>2358.2</ele>
      </trkpt>
      <trkpt lat="44.073729" lon="7.439347">
        <ele>2356.0</ele>
      </trkpt>
      <trkpt lat="44.073706" lon="7.439317">
        <ele>2354.8</ele>
      </trkpt>
      <trkpt lat="44.073662" lon="7.439296">
        <ele>2353.1</ele>
      </trkpt>
      <trkpt lat="44.073562" lon="7.439437">
        <ele>2349.9</ele>
      </trkpt>
      <trkpt lat="44.073478" lon="7.439565">
        <ele>2347.8</ele>
      </trkpt>
      <trkpt lat="44.073462" lon="7.439635">
        <ele>2348.4</ele>
      </trkpt>
      <trkpt lat="44.073377" lon="7.439726">
        <ele>2345.8</ele>
      </trkpt>
      <trkpt lat="44.073251" lon="7.439771">
        <ele>2340.9</ele>
      </trkpt>
      <trkpt lat="44.073192" lon="7.439803">
        <ele>2339.4</ele>
      </trkpt>
      <trkpt lat="44.073105" lon="7.439818">
        <ele>2336.9</ele>
      </trkpt>
      <trkpt lat="44.073053" lon="7.439827">
        <ele>2335.5</ele>
      </trkpt>
      <trkpt lat="44.072962" lon="7.439647">
        <ele>2330.3</ele>
      </trkpt>
      <trkpt lat="44.07292" lon="7.43964">
        <ele>2329.2</ele>
      </trkpt>
      <trkpt lat="44.0728" lon="7.439728">
        <ele>2326.9</ele>
      </trkpt>
      <trkpt lat="44.072767" lon="7.439761">
        <ele>2326.6</ele>
      </trkpt>
      <trkpt lat="44.072674" lon="7.439832">
        <ele>2326.0</ele>
      </trkpt>
      <trkpt lat="44.072612" lon="7.439843">
        <ele>2324.9</ele>
      </trkpt>
      <trkpt lat="44.072502" lon="7.439816">
        <ele>2322.1</ele>
      </trkpt>
      <trkpt lat="44.072411" lon="7.439728">
        <ele>2318.5</ele>
      </trkpt>
      <trkpt lat="44.072356" lon="7.439695">
        <ele>2316.5</ele>
      </trkpt>
      <trkpt lat="44.072279" lon="7.43972">
        <ele>2314.7</ele>
      </trkpt>
      <trkpt lat="44.072226" lon="7.439728">
        <ele>2313.4</ele>
      </trkpt>
      <trkpt lat="44.072173" lon="7.439764">
        <ele>2313.0</ele>
      </trkpt>
      <trkpt lat="44.072133" lon="7.439741">
        <ele>2311.5</ele>
      </trkpt>
      <trkpt lat="44.072095" lon="7.439749">
        <ele>2310.9</ele>
      </trkpt>
      <trkpt lat="44.071958" lon="7.43975">
        <ele>2308.7</ele>
      </trkpt>
      <trkpt lat="44.07191" lon="7.439752">
        <ele>2308.2</ele>
      </trkpt>
      <trkpt lat="44.071846" lon="7.439717">
        <ele>2306.9</ele>
      </trkpt>
      <trkpt lat="44.071802" lon="7.439742">
        <ele>2307.3</ele>
      </trkpt>
      <trkpt lat="44.071778" lon="7.439721">
        <ele>2306.7</ele>
      </trkpt>
      <trkpt lat="44.071729" lon="7.439741">
        <ele>2306.9</ele>
      </trkpt>
      <trkpt lat="44.071637" lon="7.439784">
        <ele>2307.3</ele>
      </trkpt>
      <trkpt lat="44.071501" lon="7.439824">
        <ele>2306.7</ele>
      </trkpt>
      <trkpt lat="44.071453" lon="7.439872">
        <ele>2306.2</ele>
      </trkpt>
      <trkpt lat="44.071286" lon="7.439994">
        <ele>2304.3</ele>
      </trkpt>
      <trkpt lat="44.071191" lon="7.440093">
        <ele>2304.0</ele>
      </trkpt>
      <trkpt lat="44.071126" lon="7.440232">
        <ele>2305.2</ele>
      </trkpt>
      <trkpt lat="44.0711" lon="7.440295">
        <ele>2306.1</ele>
      </trkpt>
      <trkpt lat="44.071106" lon="7.440359">
        <ele>2307.7</ele>
      </trkpt>
      <trkpt lat="44.071101" lon="7.440394">
        <ele>2308.5</ele>
      </trkpt>
      <trkpt lat="44.071074" lon="7.440409">
        <ele>2308.3</ele>
      </trkpt>
      <trkpt lat="44.07104" lon="7.44041">
        <ele>2307.6</ele>
      </trkpt>
      <trkpt lat="44.07101" lon="7.440404">
        <ele>2306.9</ele>
      </trkpt>
      <trkpt lat="44.070982" lon="7.440406">
        <ele>2306.4</ele>
      </trkpt>
      <trkpt lat="44.070964" lon="7.440427">
        <ele>2306.6</ele>
      </trkpt>
      <trkpt lat="44.070941" lon="7.440455">
        <ele>2306.8</ele>
      </trkpt>
      <trkpt lat="44.070925" lon="7.44052">
        <ele>2308.0</ele>
      </trkpt>
      <trkpt lat="44.07084" lon="7.440578">
        <ele>2307.9</ele>
      </trkpt>
      <trkpt lat="44.070748" lon="7.440606">
        <ele>2306.4</ele>
      </trkpt>
      <trkpt lat="44.070571" lon="7.44067">
        <ele>2303.7</ele>
      </trkpt>
      <trkpt lat="44.070535" lon="7.440738">
        <ele>2305.1</ele>
      </trkpt>
      <trkpt lat="44.070461" lon="7.440766">
        <ele>2304.0</ele>
      </trkpt>
      <trkpt lat="44.07041" lon="7.440816">
        <ele>2303.8</ele>
      </trkpt>
      <trkpt lat="44.070373" lon="7.440835">
        <ele>2303.3</ele>
      </trkpt>
      <trkpt lat="44.070248" lon="7.440899">
        <ele>2301.0</ele>
      </trkpt>
      <trkpt lat="44.070229" lon="7.440934">
        <ele>2301.3</ele>
      </trkpt>
      <trkpt lat="44.070216" lon="7.440956">
        <ele>2301.6</ele>
      </trkpt>
      <trkpt lat="44.070151" lon="7.44103">
        <ele>2301.8</ele>
      </trkpt>
      <trkpt lat="44.070068" lon="7.441061">
        <ele>2300.0</ele>
      </trkpt>
      <trkpt lat="44.069944" lon="7.44109">
        <ele>2296.6</ele>
      </trkpt>
      <trkpt lat="44.069901" lon="7.441069">
        <ele>2294.9</ele>
      </trkpt>
      <trkpt lat="44.069729" lon="7.441184">
        <ele>2294.2</ele>
      </trkpt>
      <trkpt lat="44.069624" lon="7.441226">
        <ele>2293.8</ele>
      </trkpt>
      <trkpt lat="44.069539" lon="7.441285">
        <ele>2294.7</ele>
      </trkpt>
      <trkpt lat="44.069467" lon="7.441388">
        <ele>2296.1</ele>
      </trkpt>
      <trkpt lat="44.069391" lon="7.441442">
        <ele>2295.7</ele>
      </trkpt>
      <trkpt lat="44.069293" lon="7.441592">
        <ele>2295.7</ele>
      </trkpt>
      <trkpt lat="44.069153" lon="7.441749">
        <ele>2297.0</ele>
      </trkpt>
      <trkpt lat="44.069088" lon="7.441809">
        <ele>2298.2</ele>
      </trkpt>
      <trkpt lat="44.069015" lon="7.441814">
        <ele>2297.6</ele>
      </trkpt>
      <trkpt lat="44.068818" lon="7.44185">
        <ele>2297.4</ele>
      </trkpt>
      <trkpt lat="44.068725" lon="7.441851">
        <ele>2297.0</ele>
      </trkpt>
      <trkpt lat="44.068679" lon="7.441851">
        <ele>2297.0</ele>
      </trkpt>
      <trkpt lat="44.068592" lon="7.441851">
        <ele>2296.9</ele>
      </trkpt>
      <trkpt lat="44.068514" lon="7.441841">
        <ele>2296.5</ele>
      </trkpt>
      <trkpt lat="44.068464" lon="7.441829">
        <ele>2295.9</ele>
      </trkpt>
      <trkpt lat="44.068365" lon="7.441806">
        <ele>2294.6</ele>
      </trkpt>
      <trkpt lat="44.068252" lon="7.44178">
        <ele>2293.4</ele>
      </trkpt>
      <trkpt lat="44.068023" lon="7.441823">
        <ele>2292.3</ele>
      </trkpt>
      <trkpt lat="44.067893" lon="7.441881">
        <ele>2292.0</ele>
      </trkpt>
      <trkpt lat="44.067763" lon="7.441946">
        <ele>2292.8</ele>
      </trkpt>
      <trkpt lat="44.067557" lon="7.442046">
        <ele>2293.5</ele>
      </trkpt>
      <trkpt lat="44.067493" lon="7.442075">
        <ele>2293.1</ele>
      </trkpt>
      <trkpt lat="44.067442" lon="7.442075">
        <ele>2291.8</ele>
      </trkpt>
      <trkpt lat="44.067373" lon="7.44202">
        <ele>2288.6</ele>
      </trkpt>
      <trkpt lat="44.067295" lon="7.442014">
        <ele>2286.0</ele>
      </trkpt>
      <trkpt lat="44.067112" lon="7.442203">
        <ele>2284.2</ele>
      </trkpt>
      <trkpt lat="44.067047" lon="7.442232">
        <ele>2283.3</ele>
      </trkpt>
      <trkpt lat="44.066996" lon="7.442195">
        <ele>2279.7</ele>
      </trkpt>
      <trkpt lat="44.066736" lon="7.442248">
        <ele>2272.3</ele>
      </trkpt>
      <trkpt lat="44.066661" lon="7.442432">
        <ele>2276.2</ele>
      </trkpt>
      <trkpt lat="44.066531" lon="7.442435">
        <ele>2270.1</ele>
      </trkpt>
      <trkpt lat="44.066439" lon="7.442446">
        <ele>2266.0</ele>
      </trkpt>
      <trkpt lat="44.066438" lon="7.44239">
        <ele>2264.1</ele>
      </trkpt>
      <trkpt lat="44.066409" lon="7.442421">
        <ele>2263.7</ele>
      </trkpt>
      <trkpt lat="44.066338" lon="7.442401">
        <ele>2259.6</ele>
      </trkpt>
      <trkpt lat="44.066279" lon="7.442445">
        <ele>2257.8</ele>
      </trkpt>
      <trkpt lat="44.066253" lon="7.44244">
        <ele>2256.5</ele>
      </trkpt>
      <trkpt lat="44.066231" lon="7.442488">
        <ele>2256.6</ele>
      </trkpt>
      <trkpt lat="44.066193" lon="7.4425">
        <ele>2255.1</ele>
      </trkpt>
      <trkpt lat="44.066163" lon="7.442461">
        <ele>2252.8</ele>
      </trkpt>
      <trkpt lat="44.066135" lon="7.442494">
        <ele>2252.1</ele>
      </trkpt>
      <trkpt lat="44.066093" lon="7.442529">
        <ele>2250.9</ele>
      </trkpt>
      <trkpt lat="44.066031" lon="7.442616">
        <ele>2250.1</ele>
      </trkpt>
      <trkpt lat="44.065963" lon="7.442692">
        <ele>2249.3</ele>
      </trkpt>
      <trkpt lat="44.065959" lon="7.44255">
        <ele>2245.1</ele>
      </trkpt>
      <trkpt lat="44.065921" lon="7.44246">
        <ele>2242.8</ele>
      </trkpt>
      <trkpt lat="44.065904" lon="7.442399">
        <ele>2242.2</ele>
      </trkpt>
      <trkpt lat="44.06589" lon="7.442301">
        <ele>2242.4</ele>
      </trkpt>
      <trkpt lat="44.065856" lon="7.442234">
        <ele>2241.9</ele>
      </trkpt>
      <trkpt lat="44.065763" lon="7.442176">
        <ele>2239.4</ele>
      </trkpt>
      <trkpt lat="44.065745" lon="7.442055">
        <ele>2239.6</ele>
      </trkpt>
      <trkpt lat="44.065593" lon="7.441936">
        <ele>2234.9</ele>
      </trkpt>
      <trkpt lat="44.06546" lon="7.441917">
        <ele>2230.9</ele>
      </trkpt>
      <trkpt lat="44.065248" lon="7.442095">
        <ele>2225.7</ele>
      </trkpt>
      <trkpt lat="44.06507" lon="7.442233">
        <ele>2224.3</ele>
      </trkpt>
      <trkpt lat="44.064987" lon="7.442281">
        <ele>2223.9</ele>
      </trkpt>
      <trkpt lat="44.064893" lon="7.442303">
        <ele>2224.1</ele>
      </trkpt>
      <trkpt lat="44.064842" lon="7.442351">
        <ele>2224.2</ele>
      </trkpt>
      <trkpt lat="44.064828" lon="7.442401">
        <ele>2224.0</ele>
      </trkpt>
      <trkpt lat="44.064828" lon="7.442533">
        <ele>2222.9</ele>
      </trkpt>
      <trkpt lat="44.06481" lon="7.442614">
        <ele>2221.9</ele>
      </trkpt>
      <trkpt lat="44.064766" lon="7.442708">
        <ele>2220.9</ele>
      </trkpt>
      <trkpt lat="44.064726" lon="7.442851">
        <ele>2219.5</ele>
      </trkpt>
      <trkpt lat="44.064716" lon="7.44292">
        <ele>2218.5</ele>
      </trkpt>
      <trkpt lat="44.0647" lon="7.443012">
        <ele>2216.9</ele>
      </trkpt>
      <trkpt lat="44.06466" lon="7.443047">
        <ele>2216.1</ele>
      </trkpt>
      <trkpt lat="44.064598" lon="7.443036">
        <ele>2215.9</ele>
      </trkpt>
      <trkpt lat="44.064518" lon="7.443031">
        <ele>2216.0</ele>
      </trkpt>
      <trkpt lat="44.064429" lon="7.443004">
        <ele>2217.3</ele>
      </trkpt>
      <trkpt lat="44.064285" lon="7.443136">
        <ele>2215.8</ele>
      </trkpt>
      <trkpt lat="44.064228" lon="7.443089">
        <ele>2217.8</ele>
      </trkpt>
      <trkpt lat="44.064096" lon="7.443113">
        <ele>2220.9</ele>
      </trkpt>
      <trkpt lat="44.063909" lon="7.443187">
        <ele>2221.1</ele>
      </trkpt>
      <trkpt lat="44.063788" lon="7.443213">
        <ele>2218.0</ele>
      </trkpt>
      <trkpt lat="44.063709" lon="7.443253">
        <ele>2214.3</ele>
      </trkpt>
      <trkpt lat="44.063647" lon="7.443228">
        <ele>2216.1</ele>
      </trkpt>
      <trkpt lat="44.063619" lon="7.443245">
        <ele>2215.1</ele>
      </trkpt>
      <trkpt lat="44.063505" lon="7.443295">
        <ele>2213.5</ele>
      </trkpt>
      <trkpt lat="44.06341" lon="7.443314">
        <ele>2212.8</ele>
      </trkpt>
      <trkpt lat="44.063369" lon="7.443314">
        <ele>2212.5</ele>
      </trkpt>
      <trkpt lat="44.063298" lon="7.44333">
        <ele>2211.5</ele>
      </trkpt>
      <trkpt lat="44.063257" lon="7.4433">
        <ele>2211.5</ele>
      </trkpt>
      <trkpt lat="44.06325" lon="7.443264">
        <ele>2211.7</ele>
      </trkpt>
      <trkpt lat="44.063266" lon="7.443206">
        <ele>2212.2</ele>
      </trkpt>
      <trkpt lat="44.063258" lon="7.443158">
        <ele>2212.2</ele>
      </trkpt>
      <trkpt lat="44.06319" lon="7.443062">
        <ele>2211.4</ele>
      </trkpt>
      <trkpt lat="44.06311" lon="7.443048">
        <ele>2210.4</ele>
      </trkpt>
      <trkpt lat="44.062971" lon="7.44302">
        <ele>2209.2</ele>
      </trkpt>
      <trkpt lat="44.062877" lon="7.443014">
        <ele>2208.4</ele>
      </trkpt>
      <trkpt lat="44.062808" lon="7.44295">
        <ele>2209.7</ele>
      </trkpt>
      <trkpt lat="44.062663" lon="7.442912">
        <ele>2209.3</ele>
      </trkpt>
      <trkpt lat="44.06259" lon="7.44283">
        <ele>2211.1</ele>
      </trkpt>
      <trkpt lat="44.062565" lon="7.442735">
        <ele>2213.7</ele>
      </trkpt>
      <trkpt lat="44.062472" lon="7.442699">
        <ele>2213.9</ele>
      </trkpt>
      <trkpt lat="44.062461" lon="7.442623">
        <ele>2215.6</ele>
      </trkpt>
      <trkpt lat="44.062425" lon="7.442589">
        <ele>2216.2</ele>
      </trkpt>
      <trkpt lat="44.062361" lon="7.442588">
        <ele>2216.3</ele>
      </trkpt>
      <trkpt lat="44.062322" lon="7.44262">
        <ele>2215.5</ele>
      </trkpt>
      <trkpt lat="44.062303" lon="7.442681">
        <ele>2214.1</ele>
      </trkpt>
      <trkpt lat="44.062243" lon="7.44273">
        <ele>2213.3</ele>
      </trkpt>
      <trkpt lat="44.062231" lon="7.442784">
        <ele>2212.3</ele>
      </trkpt>
      <trkpt lat="44.062198" lon="7.442855">
        <ele>2211.3</ele>
      </trkpt>
      <trkpt lat="44.062135" lon="7.442875">
        <ele>2211.5</ele>
      </trkpt>
      <trkpt lat="44.06211" lon="7.442952">
        <ele>2210.0</ele>
      </trkpt>
      <trkpt lat="44.062084" lon="7.442965">
        <ele>2209.8</ele>
      </trkpt>
      <trkpt lat="44.062053" lon="7.443023">
        <ele>2208.4</ele>
      </trkpt>
      <trkpt lat="44.062034" lon="7.443023">
        <ele>2208.4</ele>
      </trkpt>
      <trkpt lat="44.061979" lon="7.443173">
        <ele>2204.3</ele>
      </trkpt>
      <trkpt lat="44.061892" lon="7.443236">
        <ele>2202.2</ele>
      </trkpt>
      <trkpt lat="44.06182" lon="7.443241">
        <ele>2201.4</ele>
      </trkpt>
      <trkpt lat="44.061766" lon="7.443212">
        <ele>2201.8</ele>
      </trkpt>
      <trkpt lat="44.061667" lon="7.443202">
        <ele>2200.6</ele>
      </trkpt>
      <trkpt lat="44.061642" lon="7.443161">
        <ele>2201.5</ele>
      </trkpt>
      <trkpt lat="44.061585" lon="7.443025">
        <ele>2205.5</ele>
      </trkpt>
      <trkpt lat="44.061565" lon="7.442993">
        <ele>2206.4</ele>
      </trkpt>
      <trkpt lat="44.061553" lon="7.443024">
        <ele>2204.9</ele>
      </trkpt>
      <trkpt lat="44.061544" lon="7.443098">
        <ele>2201.6</ele>
      </trkpt>
      <trkpt lat="44.061532" lon="7.443123">
        <ele>2200.3</ele>
      </trkpt>
      <trkpt lat="44.061524" lon="7.443197">
        <ele>2197.4</ele>
      </trkpt>
      <trkpt lat="44.061539" lon="7.443277">
        <ele>2195.2</ele>
      </trkpt>
      <trkpt lat="44.061512" lon="7.443287">
        <ele>2194.2</ele>
      </trkpt>
      <trkpt lat="44.061486" lon="7.443263">
        <ele>2194.2</ele>
      </trkpt>
      <trkpt lat="44.061446" lon="7.443206">
        <ele>2195.0</ele>
      </trkpt>
      <trkpt lat="44.06137" lon="7.443171">
        <ele>2194.1</ele>
      </trkpt>
      <trkpt lat="44.061293" lon="7.443162">
        <ele>2192.2</ele>
      </trkpt>
      <trkpt lat="44.061043" lon="7.443241">
        <ele>2184.4</ele>
      </trkpt>
      <trkpt lat="44.060882" lon="7.443251">
        <ele>2180.7</ele>
      </trkpt>
      <trkpt lat="44.060785" lon="7.443263">
        <ele>2178.5</ele>
      </trkpt>
      <trkpt lat="44.060719" lon="7.443283">
        <ele>2177.0</ele>
      </trkpt>
      <trkpt lat="44.060663" lon="7.443245">
        <ele>2177.1</ele>
      </trkpt>
      <trkpt lat="44.060629" lon="7.443247">
        <ele>2176.7</ele>
      </trkpt>
      <trkpt lat="44.060601" lon="7.443241">
        <ele>2176.5</ele>
      </trkpt>
      <trkpt lat="44.06053" lon="7.443223">
        <ele>2176.3</ele>
      </trkpt>
      <trkpt lat="44.060441" lon="7.443253">
        <ele>2175.1</ele>
      </trkpt>
      <trkpt lat="44.060387" lon="7.443287">
        <ele>2174.1</ele>
      </trkpt>
      <trkpt lat="44.060324" lon="7.443277">
        <ele>2173.9</ele>
      </trkpt>
      <trkpt lat="44.060234" lon="7.443162">
        <ele>2175.6</ele>
      </trkpt>
      <trkpt lat="44.060188" lon="7.443042">
        <ele>2177.8</ele>
      </trkpt>
      <trkpt lat="44.060155" lon="7.442907">
        <ele>2180.6</ele>
      </trkpt>
      <trkpt lat="44.060117" lon="7.442834">
        <ele>2181.9</ele>
      </trkpt>
      <trkpt lat="44.060038" lon="7.442771">
        <ele>2181.5</ele>
      </trkpt>
      <trkpt lat="44.059974" lon="7.44278">
        <ele>2179.1</ele>
      </trkpt>
      <trkpt lat="44.059711" lon="7.44281">
        <ele>2175.0</ele>
      </trkpt>
      <trkpt lat="44.059641" lon="7.442838">
        <ele>2173.7</ele>
      </trkpt>
      <trkpt lat="44.059538" lon="7.442851">
        <ele>2172.3</ele>
      </trkpt>
      <trkpt lat="44.059494" lon="7.442843">
        <ele>2172.0</ele>
      </trkpt>
      <trkpt lat="44.059417" lon="7.442858">
        <ele>2171.0</ele>
      </trkpt>
      <trkpt lat="44.05935" lon="7.44282">
        <ele>2171.5</ele>
      </trkpt>
      <trkpt lat="44.059327" lon="7.442769">
        <ele>2172.8</ele>
      </trkpt>
      <trkpt lat="44.0593" lon="7.442746">
        <ele>2173.4</ele>
      </trkpt>
      <trkpt lat="44.059269" lon="7.442679">
        <ele>2175.4</ele>
      </trkpt>
      <trkpt lat="44.05913" lon="7.442544">
        <ele>2177.7</ele>
      </trkpt>
      <trkpt lat="44.059059" lon="7.442519">
        <ele>2176.9</ele>
      </trkpt>
      <trkpt lat="44.05902" lon="7.442523">
        <ele>2176.0</ele>
      </trkpt>
      <trkpt lat="44.058979" lon="7.442489">
        <ele>2176.5</ele>
      </trkpt>
      <trkpt lat="44.058964" lon="7.442472">
        <ele>2176.9</ele>
      </trkpt>
      <trkpt lat="44.058914" lon="7.442467">
        <ele>2176.4</ele>
      </trkpt>
      <trkpt lat="44.058885" lon="7.442449">
        <ele>2176.6</ele>
      </trkpt>
      <trkpt lat="44.058869" lon="7.442466">
        <ele>2176.1</ele>
      </trkpt>
      <trkpt lat="44.058829" lon="7.442458">
        <ele>2176.0</ele>
      </trkpt>
      <trkpt lat="44.058778" lon="7.442484">
        <ele>2175.3</ele>
      </trkpt>
      <trkpt lat="44.058729" lon="7.442526">
        <ele>2174.5</ele>
      </trkpt>
      <trkpt lat="44.058682" lon="7.442553">
        <ele>2174.3</ele>
      </trkpt>
      <trkpt lat="44.058665" lon="7.442591">
        <ele>2173.7</ele>
      </trkpt>
      <trkpt lat="44.058638" lon="7.442645">
        <ele>2172.8</ele>
      </trkpt>
      <trkpt lat="44.058617" lon="7.442666">
        <ele>2172.5</ele>
      </trkpt>
      <trkpt lat="44.058617" lon="7.442705">
        <ele>2171.5</ele>
      </trkpt>
      <trkpt lat="44.05858" lon="7.442738">
        <ele>2170.9</ele>
      </trkpt>
      <trkpt lat="44.058561" lon="7.442756">
        <ele>2170.6</ele>
      </trkpt>
      <trkpt lat="44.05853" lon="7.442768">
        <ele>2170.5</ele>
      </trkpt>
      <trkpt lat="44.058496" lon="7.442795">
        <ele>2170.1</ele>
      </trkpt>
      <trkpt lat="44.058493" lon="7.442822">
        <ele>2169.4</ele>
      </trkpt>
      <trkpt lat="44.058475" lon="7.442835">
        <ele>2169.3</ele>
      </trkpt>
      <trkpt lat="44.058425" lon="7.442866">
        <ele>2169.0</ele>
      </trkpt>
      <trkpt lat="44.058383" lon="7.442913">
        <ele>2168.6</ele>
      </trkpt>
      <trkpt lat="44.058344" lon="7.442989">
        <ele>2167.9</ele>
      </trkpt>
      <trkpt lat="44.058282" lon="7.443054">
        <ele>2167.8</ele>
      </trkpt>
      <trkpt lat="44.058184" lon="7.443143">
        <ele>2167.9</ele>
      </trkpt>
      <trkpt lat="44.058131" lon="7.443208">
        <ele>2167.9</ele>
      </trkpt>
      <trkpt lat="44.058063" lon="7.443306">
        <ele>2168.0</ele>
      </trkpt>
      <trkpt lat="44.058061" lon="7.443372">
        <ele>2167.7</ele>
      </trkpt>
      <trkpt lat="44.058024" lon="7.443567">
        <ele>2167.3</ele>
      </trkpt>
      <trkpt lat="44.057996" lon="7.443626">
        <ele>2167.4</ele>
      </trkpt>
      <trkpt lat="44.057981" lon="7.443714">
        <ele>2167.4</ele>
      </trkpt>
      <trkpt lat="44.057924" lon="7.443896">
        <ele>2167.2</ele>
      </trkpt>
      <trkpt lat="44.057853" lon="7.444013">
        <ele>2166.8</ele>
      </trkpt>
      <trkpt lat="44.057822" lon="7.444054">
        <ele>2166.9</ele>
      </trkpt>
      <trkpt lat="44.057781" lon="7.444137">
        <ele>2167.0</ele>
      </trkpt>
      <trkpt lat="44.057781" lon="7.444177">
        <ele>2166.9</ele>
      </trkpt>
      <trkpt lat="44.057777" lon="7.444279">
        <ele>2166.9</ele>
      </trkpt>
      <trkpt lat="44.057757" lon="7.444395">
        <ele>2167.1</ele>
      </trkpt>
      <trkpt lat="44.057716" lon="7.444509">
        <ele>2167.5</ele>
      </trkpt>
      <trkpt lat="44.057654" lon="7.444721">
        <ele>2168.0</ele>
      </trkpt>
      <trkpt lat="44.057629" lon="7.444924">
        <ele>2167.6</ele>
      </trkpt>
      <trkpt lat="44.057605" lon="7.445038">
        <ele>2167.3</ele>
      </trkpt>
      <trkpt lat="44.057569" lon="7.445108">
        <ele>2167.2</ele>
      </trkpt>
      <trkpt lat="44.057541" lon="7.445257">
        <ele>2166.3</ele>
      </trkpt>
      <trkpt lat="44.057481" lon="7.445447">
        <ele>2165.0</ele>
      </trkpt>
      <trkpt lat="44.057472" lon="7.445498">
        <ele>2164.5</ele>
      </trkpt>
      <trkpt lat="44.057444" lon="7.445568">
        <ele>2164.0</ele>
      </trkpt>
      <trkpt lat="44.057424" lon="7.445635">
        <ele>2163.5</ele>
      </trkpt>
      <trkpt lat="44.057402" lon="7.445698">
        <ele>2163.1</ele>
      </trkpt>
      <trkpt lat="44.057337" lon="7.445798">
        <ele>2162.8</ele>
      </trkpt>
      <trkpt lat="44.057334" lon="7.445802">
        <ele>2162.8</ele>
      </trkpt>
      <trkpt lat="44.057269" lon="7.446009">
        <ele>2162.3</ele>
      </trkpt>
      <trkpt lat="44.057186" lon="7.446296">
        <ele>2162.5</ele>
      </trkpt>
      <trkpt lat="44.057128" lon="7.446542">
        <ele>2161.3</ele>
      </trkpt>
      <trkpt lat="44.057095" lon="7.44678">
        <ele>2160.6</ele>
      </trkpt>
      <trkpt lat="44.057063" lon="7.447084">
        <ele>2159.7</ele>
      </trkpt>
      <trkpt lat="44.057065" lon="7.447317">
        <ele>2158.2</ele>
      </trkpt>
      <trkpt lat="44.057056" lon="7.447569">
        <ele>2155.8</ele>
      </trkpt>
      <trkpt lat="44.057054" lon="7.44805">
        <ele>2151.3</ele>
      </trkpt>
      <trkpt lat="44.057047" lon="7.448256">
        <ele>2149.2</ele>
      </trkpt>
      <trkpt lat="44.057062" lon="7.44835">
        <ele>2147.1</ele>
      </trkpt>
      <trkpt lat="44.057056" lon="7.448458">
        <ele>2145.9</ele>
      </trkpt>
      <trkpt lat="44.057012" lon="7.448827">
        <ele>2146.8</ele>
      </trkpt>
      <trkpt lat="44.057012" lon="7.448928">
        <ele>2146.4</ele>
      </trkpt>
      <trkpt lat="44.05702" lon="7.448967">
        <ele>2145.9</ele>
      </trkpt>
      <trkpt lat="44.057007" lon="7.449058">
        <ele>2145.9</ele>
      </trkpt>
      <trkpt lat="44.057009" lon="7.44919">
        <ele>2144.9</ele>
      </trkpt>
      <trkpt lat="44.05702" lon="7.44946">
        <ele>2141.9</ele>
      </trkpt>
      <trkpt lat="44.057016" lon="7.449536">
        <ele>2141.6</ele>
      </trkpt>
      <trkpt lat="44.057002" lon="7.449585">
        <ele>2142.0</ele>
      </trkpt>
      <trkpt lat="44.056979" lon="7.449655">
        <ele>2142.9</ele>
      </trkpt>
      <trkpt lat="44.056983" lon="7.449689">
        <ele>2142.3</ele>
      </trkpt>
      <trkpt lat="44.056997" lon="7.449687">
        <ele>2141.4</ele>
      </trkpt>
      <trkpt lat="44.057025" lon="7.449639">
        <ele>2140.1</ele>
      </trkpt>
      <trkpt lat="44.057042" lon="7.449636">
        <ele>2138.9</ele>
      </trkpt>
      <trkpt lat="44.057043" lon="7.449655">
        <ele>2138.6</ele>
      </trkpt>
      <trkpt lat="44.057026" lon="7.449699">
        <ele>2139.3</ele>
      </trkpt>
      <trkpt lat="44.057023" lon="7.449814">
        <ele>2137.6</ele>
      </trkpt>
      <trkpt lat="44.057018" lon="7.449901">
        <ele>2136.3</ele>
      </trkpt>
      <trkpt lat="44.057016" lon="7.450007">
        <ele>2134.4</ele>
      </trkpt>
      <trkpt lat="44.056989" lon="7.4502">
        <ele>2132.5</ele>
      </trkpt>
      <trkpt lat="44.056962" lon="7.450309">
        <ele>2131.7</ele>
      </trkpt>
      <trkpt lat="44.056911" lon="7.450413">
        <ele>2132.2</ele>
      </trkpt>
      <trkpt lat="44.05689" lon="7.450501">
        <ele>2132.2</ele>
      </trkpt>
      <trkpt lat="44.056881" lon="7.450656">
        <ele>2131.8</ele>
      </trkpt>
      <trkpt lat="44.056836" lon="7.450845">
        <ele>2132.5</ele>
      </trkpt>
      <trkpt lat="44.056834" lon="7.450951">
        <ele>2132.6</ele>
      </trkpt>
      <trkpt lat="44.056849" lon="7.451018">
        <ele>2132.6</ele>
      </trkpt>
      <trkpt lat="44.056869" lon="7.451146">
        <ele>2132.7</ele>
      </trkpt>
      <trkpt lat="44.056929" lon="7.451317">
        <ele>2131.7</ele>
      </trkpt>
      <trkpt lat="44.05698" lon="7.451478">
        <ele>2130.9</ele>
      </trkpt>
      <trkpt lat="44.057117" lon="7.451364">
        <ele>2126.1</ele>
      </trkpt>
      <trkpt lat="44.05721" lon="7.451423">
        <ele>2124.1</ele>
      </trkpt>
      <trkpt lat="44.057278" lon="7.451558">
        <ele>2123.2</ele>
      </trkpt>
      <trkpt lat="44.057308" lon="7.451622">
        <ele>2122.7</ele>
      </trkpt>
      <trkpt lat="44.057346" lon="7.451677">
        <ele>2121.8</ele>
      </trkpt>
      <trkpt lat="44.057373" lon="7.451727">
        <ele>2121.2</ele>
      </trkpt>
      <trkpt lat="44.057378" lon="7.451823">
        <ele>2120.7</ele>
        <name>Refuge des Merveilles</name>
        <extensions>
          <oa:Extension>
            <oa:mapZoom>13</oa:mapZoom>
          </oa:Extension>
        </extensions>
      </trkpt>
      <trkpt lat="44.057373" lon="7.451727">
        <ele>2121.2</ele>
      </trkpt>
      <trkpt lat="44.057346" lon="7.451677">
        <ele>2121.8</ele>
      </trkpt>
      <trkpt lat="44.057308" lon="7.451622">
        <ele>2122.7</ele>
      </trkpt>
      <trkpt lat="44.057278" lon="7.451558">
        <ele>2123.2</ele>
      </trkpt>
      <trkpt lat="44.05721" lon="7.451423">
        <ele>2124.1</ele>
      </trkpt>
      <trkpt lat="44.057117" lon="7.451364">
        <ele>2126.1</ele>
      </trkpt>
      <trkpt lat="44.05698" lon="7.451478">
        <ele>2130.9</ele>
      </trkpt>
      <trkpt lat="44.056929" lon="7.451317">
        <ele>2131.7</ele>
      </trkpt>
      <trkpt lat="44.056869" lon="7.451146">
        <ele>2132.7</ele>
      </trkpt>
      <trkpt lat="44.056849" lon="7.451018">
        <ele>2132.6</ele>
      </trkpt>
      <trkpt lat="44.056834" lon="7.450951">
        <ele>2132.6</ele>
      </trkpt>
      <trkpt lat="44.056836" lon="7.450845">
        <ele>2132.5</ele>
      </trkpt>
      <trkpt lat="44.056881" lon="7.450656">
        <ele>2131.8</ele>
      </trkpt>
      <trkpt lat="44.05689" lon="7.450501">
        <ele>2132.2</ele>
      </trkpt>
      <trkpt lat="44.056911" lon="7.450413">
        <ele>2132.2</ele>
      </trkpt>
      <trkpt lat="44.056962" lon="7.450309">
        <ele>2131.7</ele>
      </trkpt>
      <trkpt lat="44.056989" lon="7.4502">
        <ele>2132.5</ele>
      </trkpt>
      <trkpt lat="44.057016" lon="7.450007">
        <ele>2134.4</ele>
      </trkpt>
      <trkpt lat="44.057018" lon="7.449901">
        <ele>2136.3</ele>
      </trkpt>
      <trkpt lat="44.057023" lon="7.449814">
        <ele>2137.6</ele>
      </trkpt>
      <trkpt lat="44.057026" lon="7.449699">
        <ele>2139.3</ele>
      </trkpt>
      <trkpt lat="44.057043" lon="7.449655">
        <ele>2138.6</ele>
      </trkpt>
      <trkpt lat="44.057042" lon="7.449636">
        <ele>2138.9</ele>
      </trkpt>
      <trkpt lat="44.057025" lon="7.449639">
        <ele>2140.1</ele>
      </trkpt>
      <trkpt lat="44.056997" lon="7.449687">
        <ele>2141.4</ele>
      </trkpt>
      <trkpt lat="44.056983" lon="7.449689">
        <ele>2142.3</ele>
      </trkpt>
      <trkpt lat="44.056979" lon="7.449655">
        <ele>2142.9</ele>
      </trkpt>
      <trkpt lat="44.057002" lon="7.449585">
        <ele>2142.0</ele>
      </trkpt>
      <trkpt lat="44.057016" lon="7.449536">
        <ele>2141.6</ele>
      </trkpt>
      <trkpt lat="44.05702" lon="7.44946">
        <ele>2141.9</ele>
      </trkpt>
      <trkpt lat="44.057009" lon="7.44919">
        <ele>2144.9</ele>
      </trkpt>
      <trkpt lat="44.057007" lon="7.449058">
        <ele>2145.9</ele>
      </trkpt>
      <trkpt lat="44.05702" lon="7.448967">
        <ele>2145.9</ele>
      </trkpt>
      <trkpt lat="44.057012" lon="7.448928">
        <ele>2146.4</ele>
      </trkpt>
      <trkpt lat="44.057012" lon="7.448827">
        <ele>2146.8</ele>
      </trkpt>
      <trkpt lat="44.057056" lon="7.448458">
        <ele>2145.9</ele>
      </trkpt>
      <trkpt lat="44.057062" lon="7.44835">
        <ele>2147.1</ele>
      </trkpt>
      <trkpt lat="44.057047" lon="7.448256">
        <ele>2149.2</ele>
      </trkpt>
      <trkpt lat="44.057054" lon="7.44805">
        <ele>2151.3</ele>
      </trkpt>
      <trkpt lat="44.057056" lon="7.447569">
        <ele>2155.8</ele>
      </trkpt>
      <trkpt lat="44.057065" lon="7.447317">
        <ele>2158.2</ele>
      </trkpt>
      <trkpt lat="44.057063" lon="7.447084">
        <ele>2159.7</ele>
      </trkpt>
      <trkpt lat="44.057095" lon="7.44678">
        <ele>2160.6</ele>
      </trkpt>
      <trkpt lat="44.057128" lon="7.446542">
        <ele>2161.3</ele>
      </trkpt>
      <trkpt lat="44.057186" lon="7.446296">
        <ele>2162.5</ele>
      </trkpt>
      <trkpt lat="44.057269" lon="7.446009">
        <ele>2162.3</ele>
      </trkpt>
      <trkpt lat="44.057334" lon="7.445802">
        <ele>2162.8</ele>
      </trkpt>
      <trkpt lat="44.057337" lon="7.445798">
        <ele>2162.8</ele>
      </trkpt>
      <trkpt lat="44.057402" lon="7.445698">
        <ele>2163.1</ele>
      </trkpt>
      <trkpt lat="44.057424" lon="7.445635">
        <ele>2163.5</ele>
      </trkpt>
      <trkpt lat="44.057444" lon="7.445568">
        <ele>2164.0</ele>
      </trkpt>
      <trkpt lat="44.057472" lon="7.445498">
        <ele>2164.5</ele>
      </trkpt>
      <trkpt lat="44.057481" lon="7.445447">
        <ele>2165.0</ele>
      </trkpt>
      <trkpt lat="44.057541" lon="7.445257">
        <ele>2166.3</ele>
      </trkpt>
      <trkpt lat="44.057569" lon="7.445108">
        <ele>2167.2</ele>
      </trkpt>
      <trkpt lat="44.057605" lon="7.445038">
        <ele>2167.3</ele>
      </trkpt>
      <trkpt lat="44.057629" lon="7.444924">
        <ele>2167.6</ele>
      </trkpt>
      <trkpt lat="44.057654" lon="7.444721">
        <ele>2168.0</ele>
      </trkpt>
      <trkpt lat="44.057716" lon="7.444509">
        <ele>2167.5</ele>
      </trkpt>
      <trkpt lat="44.057757" lon="7.444395">
        <ele>2167.1</ele>
      </trkpt>
      <trkpt lat="44.057777" lon="7.444279">
        <ele>2166.9</ele>
      </trkpt>
      <trkpt lat="44.057781" lon="7.444177">
        <ele>2166.9</ele>
      </trkpt>
      <trkpt lat="44.057781" lon="7.444137">
        <ele>2167.0</ele>
      </trkpt>
      <trkpt lat="44.057822" lon="7.444054">
        <ele>2166.9</ele>
      </trkpt>
      <trkpt lat="44.057853" lon="7.444013">
        <ele>2166.8</ele>
      </trkpt>
      <trkpt lat="44.057924" lon="7.443896">
        <ele>2167.2</ele>
      </trkpt>
      <trkpt lat="44.057981" lon="7.443714">
        <ele>2167.4</ele>
      </trkpt>
      <trkpt lat="44.057996" lon="7.443626">
        <ele>2167.4</ele>
      </trkpt>
      <trkpt lat="44.058024" lon="7.443567">
        <ele>2167.3</ele>
      </trkpt>
      <trkpt lat="44.058061" lon="7.443372">
        <ele>2167.7</ele>
      </trkpt>
      <trkpt lat="44.058063" lon="7.443306">
        <ele>2168.0</ele>
      </trkpt>
      <trkpt lat="44.058131" lon="7.443208">
        <ele>2167.9</ele>
      </trkpt>
      <trkpt lat="44.058184" lon="7.443143">
        <ele>2167.9</ele>
      </trkpt>
      <trkpt lat="44.058282" lon="7.443054">
        <ele>2167.8</ele>
      </trkpt>
      <trkpt lat="44.058274" lon="7.44303">
        <ele>2168.2</ele>
      </trkpt>
      <trkpt lat="44.058264" lon="7.443001">
        <ele>2168.6</ele>
      </trkpt>
      <trkpt lat="44.058226" lon="7.44292">
        <ele>2169.5</ele>
      </trkpt>
      <trkpt lat="44.058224" lon="7.442868">
        <ele>2169.9</ele>
      </trkpt>
      <trkpt lat="44.058198" lon="7.442777">
        <ele>2170.5</ele>
      </trkpt>
      <trkpt lat="44.058194" lon="7.442721">
        <ele>2170.8</ele>
      </trkpt>
      <trkpt lat="44.058219" lon="7.442631">
        <ele>2171.7</ele>
      </trkpt>
      <trkpt lat="44.058228" lon="7.442432">
        <ele>2173.8</ele>
      </trkpt>
      <trkpt lat="44.058261" lon="7.442361">
        <ele>2174.9</ele>
      </trkpt>
      <trkpt lat="44.05829" lon="7.442207">
        <ele>2176.7</ele>
      </trkpt>
      <trkpt lat="44.058291" lon="7.442084">
        <ele>2177.9</ele>
      </trkpt>
      <trkpt lat="44.058354" lon="7.441899">
        <ele>2180.6</ele>
      </trkpt>
      <trkpt lat="44.058363" lon="7.441759">
        <ele>2182.3</ele>
      </trkpt>
      <trkpt lat="44.058466" lon="7.441581">
        <ele>2185.9</ele>
      </trkpt>
      <trkpt lat="44.058507" lon="7.441432">
        <ele>2188.7</ele>
      </trkpt>
      <trkpt lat="44.058548" lon="7.441415">
        <ele>2189.9</ele>
      </trkpt>
      <trkpt lat="44.05862" lon="7.441527">
        <ele>2189.9</ele>
      </trkpt>
      <trkpt lat="44.058648" lon="7.441517">
        <ele>2190.6</ele>
      </trkpt>
      <trkpt lat="44.058648" lon="7.441407">
        <ele>2192.1</ele>
      </trkpt>
      <trkpt lat="44.058672" lon="7.441348">
        <ele>2193.2</ele>
      </trkpt>
      <trkpt lat="44.058695" lon="7.441224">
        <ele>2194.8</ele>
      </trkpt>
      <trkpt lat="44.058729" lon="7.441078">
        <ele>2196.8</ele>
      </trkpt>
      <trkpt lat="44.058795" lon="7.441076">
        <ele>2198.1</ele>
      </trkpt>
      <trkpt lat="44.058851" lon="7.440971">
        <ele>2200.8</ele>
      </trkpt>
      <trkpt lat="44.058991" lon="7.440905">
        <ele>2205.3</ele>
      </trkpt>
      <trkpt lat="44.059032" lon="7.440824">
        <ele>2207.3</ele>
      </trkpt>
      <trkpt lat="44.059071" lon="7.440439">
        <ele>2212.3</ele>
      </trkpt>
      <trkpt lat="44.059084" lon="7.44035">
        <ele>2213.8</ele>
      </trkpt>
      <trkpt lat="44.059083" lon="7.440262">
        <ele>2214.8</ele>
      </trkpt>
      <trkpt lat="44.0591" lon="7.440095">
        <ele>2217.1</ele>
      </trkpt>
      <trkpt lat="44.059102" lon="7.439709">
        <ele>2221.2</ele>
      </trkpt>
      <trkpt lat="44.059091" lon="7.439451">
        <ele>2224.8</ele>
      </trkpt>
      <trkpt lat="44.059097" lon="7.43941">
        <ele>2225.8</ele>
      </trkpt>
      <trkpt lat="44.059132" lon="7.439436">
        <ele>2226.9</ele>
      </trkpt>
      <trkpt lat="44.059144" lon="7.439417">
        <ele>2227.8</ele>
      </trkpt>
      <trkpt lat="44.059132" lon="7.439356">
        <ele>2228.3</ele>
      </trkpt>
      <trkpt lat="44.059142" lon="7.439267">
        <ele>2230.3</ele>
      </trkpt>
      <trkpt lat="44.05913" lon="7.439164">
        <ele>2231.6</ele>
      </trkpt>
      <trkpt lat="44.059205" lon="7.438775">
        <ele>2240.7</ele>
      </trkpt>
      <trkpt lat="44.059261" lon="7.438633">
        <ele>2244.7</ele>
      </trkpt>
      <trkpt lat="44.059396" lon="7.438157">
        <ele>2255.3</ele>
      </trkpt>
      <trkpt lat="44.059392" lon="7.438097">
        <ele>2255.6</ele>
      </trkpt>
      <trkpt lat="44.059403" lon="7.438006">
        <ele>2256.9</ele>
      </trkpt>
      <trkpt lat="44.059297" lon="7.437835">
        <ele>2256.1</ele>
      </trkpt>
      <trkpt lat="44.059296" lon="7.437799">
        <ele>2256.7</ele>
      </trkpt>
      <trkpt lat="44.059263" lon="7.437734">
        <ele>2257.6</ele>
      </trkpt>
      <trkpt lat="44.059277" lon="7.437642">
        <ele>2260.1</ele>
      </trkpt>
      <trkpt lat="44.059381" lon="7.437568">
        <ele>2262.8</ele>
      </trkpt>
      <trkpt lat="44.059391" lon="7.437499">
        <ele>2264.4</ele>
      </trkpt>
      <trkpt lat="44.05937" lon="7.43743">
        <ele>2265.9</ele>
      </trkpt>
      <trkpt lat="44.059481" lon="7.437188">
        <ele>2270.1</ele>
      </trkpt>
      <trkpt lat="44.059555" lon="7.437134">
        <ele>2271.6</ele>
      </trkpt>
      <trkpt lat="44.059562" lon="7.437039">
        <ele>2273.8</ele>
      </trkpt>
      <trkpt lat="44.059534" lon="7.437007">
        <ele>2274.6</ele>
      </trkpt>
      <trkpt lat="44.059446" lon="7.437006">
        <ele>2274.6</ele>
      </trkpt>
      <trkpt lat="44.059391" lon="7.437025">
        <ele>2274.4</ele>
      </trkpt>
      <trkpt lat="44.059359" lon="7.436987">
        <ele>2275.9</ele>
      </trkpt>
      <trkpt lat="44.059447" lon="7.436851">
        <ele>2279.8</ele>
      </trkpt>
      <trkpt lat="44.059405" lon="7.43678">
        <ele>2281.7</ele>
      </trkpt>
      <trkpt lat="44.059492" lon="7.436775">
        <ele>2282.0</ele>
      </trkpt>
      <trkpt lat="44.05952" lon="7.43673">
        <ele>2283.1</ele>
      </trkpt>
      <trkpt lat="44.059553" lon="7.43671">
        <ele>2283.5</ele>
      </trkpt>
      <trkpt lat="44.059534" lon="7.436684">
        <ele>2284.2</ele>
      </trkpt>
      <trkpt lat="44.059495" lon="7.436524">
        <ele>2287.5</ele>
      </trkpt>
      <trkpt lat="44.059504" lon="7.436445">
        <ele>2289.0</ele>
      </trkpt>
      <trkpt lat="44.059557" lon="7.436375">
        <ele>2290.4</ele>
      </trkpt>
      <trkpt lat="44.059649" lon="7.436323">
        <ele>2291.3</ele>
      </trkpt>
      <trkpt lat="44.059689" lon="7.436296">
        <ele>2291.7</ele>
      </trkpt>
      <trkpt lat="44.059707" lon="7.436198">
        <ele>2292.7</ele>
      </trkpt>
      <trkpt lat="44.059745" lon="7.436091">
        <ele>2294.0</ele>
      </trkpt>
      <trkpt lat="44.059753" lon="7.43596">
        <ele>2294.9</ele>
      </trkpt>
      <trkpt lat="44.059796" lon="7.435925">
        <ele>2295.9</ele>
      </trkpt>
      <trkpt lat="44.059904" lon="7.435946">
        <ele>2297.9</ele>
      </trkpt>
      <trkpt lat="44.05994" lon="7.435903">
        <ele>2299.3</ele>
      </trkpt>
      <trkpt lat="44.059947" lon="7.435643">
        <ele>2301.3</ele>
      </trkpt>
      <trkpt lat="44.060001" lon="7.435395">
        <ele>2305.8</ele>
      </trkpt>
      <trkpt lat="44.060038" lon="7.435181">
        <ele>2309.1</ele>
      </trkpt>
      <trkpt lat="44.060072" lon="7.435148">
        <ele>2310.3</ele>
      </trkpt>
      <trkpt lat="44.060118" lon="7.435224">
        <ele>2310.8</ele>
      </trkpt>
      <trkpt lat="44.060142" lon="7.435219">
        <ele>2311.5</ele>
      </trkpt>
      <trkpt lat="44.060153" lon="7.435112">
        <ele>2312.9</ele>
      </trkpt>
      <trkpt lat="44.060211" lon="7.434899">
        <ele>2316.2</ele>
      </trkpt>
      <trkpt lat="44.060399" lon="7.434654">
        <ele>2319.7</ele>
      </trkpt>
      <trkpt lat="44.060463" lon="7.434299">
        <ele>2319.9</ele>
      </trkpt>
      <trkpt lat="44.060452" lon="7.434072">
        <ele>2321.3</ele>
      </trkpt>
      <trkpt lat="44.060556" lon="7.433847">
        <ele>2325.2</ele>
      </trkpt>
      <trkpt lat="44.060544" lon="7.433718">
        <ele>2326.7</ele>
      </trkpt>
      <trkpt lat="44.060553" lon="7.433458">
        <ele>2331.3</ele>
      </trkpt>
      <trkpt lat="44.06052" lon="7.43339">
        <ele>2332.0</ele>
      </trkpt>
      <trkpt lat="44.060459" lon="7.433149">
        <ele>2335.0</ele>
      </trkpt>
      <trkpt lat="44.060456" lon="7.432995">
        <ele>2337.0</ele>
      </trkpt>
      <trkpt lat="44.060567" lon="7.432801">
        <ele>2339.6</ele>
      </trkpt>
      <trkpt lat="44.060661" lon="7.432636">
        <ele>2341.9</ele>
      </trkpt>
      <trkpt lat="44.060699" lon="7.432651">
        <ele>2342.5</ele>
      </trkpt>
      <trkpt lat="44.060802" lon="7.432496">
        <ele>2344.8</ele>
      </trkpt>
      <trkpt lat="44.060944" lon="7.432394">
        <ele>2346.9</ele>
      </trkpt>
      <trkpt lat="44.061013" lon="7.43238">
        <ele>2347.8</ele>
      </trkpt>
      <trkpt lat="44.061111" lon="7.43209">
        <ele>2347.6</ele>
      </trkpt>
      <trkpt lat="44.061223" lon="7.431761">
        <ele>2350.5</ele>
      </trkpt>
      <trkpt lat="44.061344" lon="7.431602">
        <ele>2354.2</ele>
      </trkpt>
      <trkpt lat="44.061356" lon="7.431542">
        <ele>2355.5</ele>
      </trkpt>
      <trkpt lat="44.061385" lon="7.431505">
        <ele>2356.7</ele>
      </trkpt>
      <trkpt lat="44.06146" lon="7.431536">
        <ele>2357.5</ele>
      </trkpt>
      <trkpt lat="44.061675" lon="7.431722">
        <ele>2361.4</ele>
      </trkpt>
      <trkpt lat="44.06179" lon="7.431854">
        <ele>2363.6</ele>
      </trkpt>
      <trkpt lat="44.061834" lon="7.431968">
        <ele>2363.5</ele>
      </trkpt>
      <trkpt lat="44.061895" lon="7.431963">
        <ele>2364.9</ele>
      </trkpt>
      <trkpt lat="44.062215" lon="7.431814">
        <ele>2373.3</ele>
      </trkpt>
      <trkpt lat="44.062297" lon="7.431735">
        <ele>2376.0</ele>
      </trkpt>
      <trkpt lat="44.062379" lon="7.431725">
        <ele>2377.2</ele>
      </trkpt>
      <trkpt lat="44.062387" lon="7.43169">
        <ele>2378.0</ele>
      </trkpt>
      <trkpt lat="44.062337" lon="7.431614">
        <ele>2379.3</ele>
      </trkpt>
      <trkpt lat="44.06227" lon="7.431594">
        <ele>2379.1</ele>
      </trkpt>
      <trkpt lat="44.062225" lon="7.431539">
        <ele>2379.8</ele>
      </trkpt>
      <trkpt lat="44.062234" lon="7.431278">
        <ele>2385.4</ele>
      </trkpt>
      <trkpt lat="44.062196" lon="7.430869">
        <ele>2391.0</ele>
      </trkpt>
      <trkpt lat="44.062146" lon="7.430568">
        <ele>2394.1</ele>
      </trkpt>
      <trkpt lat="44.062182" lon="7.430287">
        <ele>2398.6</ele>
      </trkpt>
      <trkpt lat="44.062357" lon="7.430061">
        <ele>2403.5</ele>
      </trkpt>
      <trkpt lat="44.062604" lon="7.42992">
        <ele>2406.4</ele>
      </trkpt>
      <trkpt lat="44.062767" lon="7.429872">
        <ele>2409.4</ele>
      </trkpt>
      <trkpt lat="44.062957" lon="7.429771">
        <ele>2414.8</ele>
      </trkpt>
      <trkpt lat="44.063036" lon="7.429754">
        <ele>2416.9</ele>
      </trkpt>
      <trkpt lat="44.063117" lon="7.429938">
        <ele>2419.0</ele>
      </trkpt>
      <trkpt lat="44.063203" lon="7.430164">
        <ele>2420.4</ele>
      </trkpt>
      <trkpt lat="44.063259" lon="7.430126">
        <ele>2420.8</ele>
      </trkpt>
      <trkpt lat="44.063356" lon="7.429861">
        <ele>2422.2</ele>
      </trkpt>
      <trkpt lat="44.063436" lon="7.429644">
        <ele>2424.8</ele>
      </trkpt>
      <trkpt lat="44.063501" lon="7.429523">
        <ele>2426.9</ele>
      </trkpt>
      <trkpt lat="44.063505" lon="7.429296">
        <ele>2430.1</ele>
      </trkpt>
      <trkpt lat="44.0636" lon="7.428885">
        <ele>2439.3</ele>
      </trkpt>
      <trkpt lat="44.063768" lon="7.428524">
        <ele>2448.3</ele>
      </trkpt>
      <trkpt lat="44.063947" lon="7.428202">
        <ele>2456.1</ele>
      </trkpt>
      <trkpt lat="44.063984" lon="7.427999">
        <ele>2462.6</ele>
      </trkpt>
      <trkpt lat="44.063678" lon="7.428013">
        <ele>2467.8</ele>
      </trkpt>
      <trkpt lat="44.063622" lon="7.427984">
        <ele>2469.3</ele>
      </trkpt>
      <trkpt lat="44.063563" lon="7.427899">
        <ele>2472.3</ele>
      </trkpt>
      <trkpt lat="44.063484" lon="7.427809">
        <ele>2474.5</ele>
      </trkpt>
      <trkpt lat="44.063491" lon="7.427725">
        <ele>2477.2</ele>
      </trkpt>
      <trkpt lat="44.063549" lon="7.427686">
        <ele>2479.0</ele>
      </trkpt>
      <trkpt lat="44.063711" lon="7.427565">
        <ele>2483.7</ele>
      </trkpt>
      <trkpt lat="44.063717" lon="7.427478">
        <ele>2486.9</ele>
      </trkpt>
      <trkpt lat="44.063663" lon="7.427332">
        <ele>2492.0</ele>
      </trkpt>
      <trkpt lat="44.063535" lon="7.427226">
        <ele>2494.8</ele>
      </trkpt>
      <trkpt lat="44.063343" lon="7.427102">
        <ele>2497.9</ele>
      </trkpt>
      <trkpt lat="44.06313" lon="7.426975">
        <ele>2502.1</ele>
      </trkpt>
      <trkpt lat="44.062891" lon="7.426975">
        <ele>2502.6</ele>
      </trkpt>
      <trkpt lat="44.062568" lon="7.42697">
        <ele>2506.1</ele>
      </trkpt>
      <trkpt lat="44.062494" lon="7.426896">
        <ele>2508.1</ele>
      </trkpt>
      <trkpt lat="44.062459" lon="7.42686">
        <ele>2508.9</ele>
      </trkpt>
      <trkpt lat="44.062212" lon="7.426695">
        <ele>2509.4</ele>
      </trkpt>
      <trkpt lat="44.062174" lon="7.426634">
        <ele>2508.6</ele>
      </trkpt>
      <trkpt lat="44.062151" lon="7.426374">
        <ele>2504.9</ele>
      </trkpt>
      <trkpt lat="44.062126" lon="7.42635">
        <ele>2503.4</ele>
      </trkpt>
      <trkpt lat="44.061947" lon="7.426563">
        <ele>2499.4</ele>
      </trkpt>
      <trkpt lat="44.061925" lon="7.42653">
        <ele>2497.4</ele>
      </trkpt>
      <trkpt lat="44.061937" lon="7.426478">
        <ele>2496.7</ele>
      </trkpt>
      <trkpt lat="44.061948" lon="7.426394">
        <ele>2494.9</ele>
      </trkpt>
      <trkpt lat="44.061932" lon="7.426387">
        <ele>2493.7</ele>
      </trkpt>
      <trkpt lat="44.061899" lon="7.426422">
        <ele>2492.8</ele>
      </trkpt>
      <trkpt lat="44.061913" lon="7.426257">
        <ele>2488.0</ele>
      </trkpt>
      <trkpt lat="44.061929" lon="7.426234">
        <ele>2488.2</ele>
      </trkpt>
      <trkpt lat="44.061913" lon="7.426198">
        <ele>2485.7</ele>
      </trkpt>
      <trkpt lat="44.061919" lon="7.426144">
        <ele>2484.0</ele>
      </trkpt>
      <trkpt lat="44.061937" lon="7.426093">
        <ele>2483.3</ele>
      </trkpt>
      <trkpt lat="44.061937" lon="7.42605">
        <ele>2481.6</ele>
      </trkpt>
      <trkpt lat="44.061963" lon="7.426002">
        <ele>2481.6</ele>
      </trkpt>
      <trkpt lat="44.061959" lon="7.425982">
        <ele>2480.5</ele>
      </trkpt>
      <trkpt lat="44.061917" lon="7.425987">
        <ele>2477.7</ele>
      </trkpt>
      <trkpt lat="44.061928" lon="7.425919">
        <ele>2475.8</ele>
      </trkpt>
      <trkpt lat="44.061945" lon="7.425903">
        <ele>2476.4</ele>
      </trkpt>
      <trkpt lat="44.061933" lon="7.425883">
        <ele>2474.7</ele>
      </trkpt>
      <trkpt lat="44.061948" lon="7.425866">
        <ele>2475.2</ele>
      </trkpt>
      <trkpt lat="44.061925" lon="7.425829">
        <ele>2472.1</ele>
      </trkpt>
      <trkpt lat="44.061944" lon="7.425767">
        <ele>2471.1</ele>
      </trkpt>
      <trkpt lat="44.061931" lon="7.425708">
        <ele>2468.1</ele>
      </trkpt>
      <trkpt lat="44.061934" lon="7.425701">
        <ele>2468.0</ele>
      </trkpt>
      <trkpt lat="44.06195" lon="7.425636">
        <ele>2466.9</ele>
      </trkpt>
      <trkpt lat="44.061929" lon="7.425586">
        <ele>2463.7</ele>
      </trkpt>
      <trkpt lat="44.061954" lon="7.425538">
        <ele>2463.8</ele>
      </trkpt>
      <trkpt lat="44.06193" lon="7.425511">
        <ele>2461.4</ele>
      </trkpt>
      <trkpt lat="44.061933" lon="7.425451">
        <ele>2459.8</ele>
      </trkpt>
      <trkpt lat="44.061877" lon="7.425432">
        <ele>2455.7</ele>
      </trkpt>
      <trkpt lat="44.06188" lon="7.425306">
        <ele>2452.8</ele>
      </trkpt>
      <trkpt lat="44.061904" lon="7.425222">
        <ele>2452.6</ele>
      </trkpt>
      <trkpt lat="44.061871" lon="7.425211">
        <ele>2450.2</ele>
      </trkpt>
      <trkpt lat="44.06186" lon="7.425179">
        <ele>2448.9</ele>
      </trkpt>
      <trkpt lat="44.061853" lon="7.425131">
        <ele>2447.5</ele>
      </trkpt>
      <trkpt lat="44.061856" lon="7.425083">
        <ele>2447.0</ele>
      </trkpt>
      <trkpt lat="44.061799" lon="7.424986">
        <ele>2442.0</ele>
      </trkpt>
      <trkpt lat="44.061762" lon="7.424825">
        <ele>2438.1</ele>
      </trkpt>
      <trkpt lat="44.061767" lon="7.424761">
        <ele>2437.9</ele>
      </trkpt>
      <trkpt lat="44.061716" lon="7.424646">
        <ele>2434.1</ele>
      </trkpt>
      <trkpt lat="44.061647" lon="7.424509">
        <ele>2429.2</ele>
      </trkpt>
      <trkpt lat="44.061614" lon="7.424405">
        <ele>2426.6</ele>
      </trkpt>
      <trkpt lat="44.06157" lon="7.424309">
        <ele>2423.7</ele>
      </trkpt>
      <trkpt lat="44.06153" lon="7.424294">
        <ele>2421.4</ele>
      </trkpt>
      <trkpt lat="44.061528" lon="7.424333">
        <ele>2421.4</ele>
      </trkpt>
      <trkpt lat="44.061509" lon="7.424359">
        <ele>2420.3</ele>
      </trkpt>
      <trkpt lat="44.061452" lon="7.424303">
        <ele>2417.1</ele>
      </trkpt>
      <trkpt lat="44.061416" lon="7.424216">
        <ele>2415.1</ele>
      </trkpt>
      <trkpt lat="44.061364" lon="7.424194">
        <ele>2412.3</ele>
      </trkpt>
      <trkpt lat="44.061347" lon="7.424102">
        <ele>2410.8</ele>
      </trkpt>
      <trkpt lat="44.061368" lon="7.424057">
        <ele>2411.4</ele>
      </trkpt>
      <trkpt lat="44.06135" lon="7.424026">
        <ele>2410.1</ele>
      </trkpt>
      <trkpt lat="44.061312" lon="7.423993">
        <ele>2407.6</ele>
      </trkpt>
      <trkpt lat="44.061324" lon="7.423939">
        <ele>2407.4</ele>
      </trkpt>
      <trkpt lat="44.061286" lon="7.423927">
        <ele>2405.3</ele>
      </trkpt>
      <trkpt lat="44.061291" lon="7.423874">
        <ele>2404.7</ele>
      </trkpt>
      <trkpt lat="44.061283" lon="7.423846">
        <ele>2403.8</ele>
      </trkpt>
      <trkpt lat="44.061262" lon="7.423839">
        <ele>2402.6</ele>
      </trkpt>
      <trkpt lat="44.061234" lon="7.423839">
        <ele>2401.2</ele>
      </trkpt>
      <trkpt lat="44.061231" lon="7.423735">
        <ele>2399.6</ele>
      </trkpt>
      <trkpt lat="44.061194" lon="7.423697">
        <ele>2397.4</ele>
      </trkpt>
      <trkpt lat="44.061181" lon="7.423637">
        <ele>2395.9</ele>
      </trkpt>
      <trkpt lat="44.061172" lon="7.423544">
        <ele>2394.2</ele>
      </trkpt>
      <trkpt lat="44.061125" lon="7.423458">
        <ele>2390.9</ele>
      </trkpt>
      <trkpt lat="44.061119" lon="7.423359">
        <ele>2389.2</ele>
      </trkpt>
      <trkpt lat="44.061099" lon="7.423273">
        <ele>2387.2</ele>
      </trkpt>
      <trkpt lat="44.061141" lon="7.42323">
        <ele>2387.8</ele>
      </trkpt>
      <trkpt lat="44.061153" lon="7.423123">
        <ele>2385.8</ele>
      </trkpt>
      <trkpt lat="44.061126" lon="7.423076">
        <ele>2384.0</ele>
      </trkpt>
      <trkpt lat="44.061144" lon="7.422991">
        <ele>2382.1</ele>
      </trkpt>
      <trkpt lat="44.06119" lon="7.422893">
        <ele>2380.2</ele>
      </trkpt>
      <trkpt lat="44.061179" lon="7.422823">
        <ele>2378.3</ele>
      </trkpt>
      <trkpt lat="44.061217" lon="7.422775">
        <ele>2377.8</ele>
      </trkpt>
      <trkpt lat="44.06123" lon="7.422724">
        <ele>2376.8</ele>
      </trkpt>
      <trkpt lat="44.06127" lon="7.422651">
        <ele>2375.6</ele>
      </trkpt>
      <trkpt lat="44.061329" lon="7.422443">
        <ele>2370.2</ele>
      </trkpt>
      <trkpt lat="44.061357" lon="7.422366">
        <ele>2368.0</ele>
      </trkpt>
      <trkpt lat="44.061364" lon="7.4223">
        <ele>2365.9</ele>
      </trkpt>
      <trkpt lat="44.061381" lon="7.422231">
        <ele>2363.9</ele>
      </trkpt>
      <trkpt lat="44.061394" lon="7.422152">
        <ele>2361.3</ele>
      </trkpt>
      <trkpt lat="44.061419" lon="7.422135">
        <ele>2361.0</ele>
      </trkpt>
      <trkpt lat="44.061428" lon="7.42208">
        <ele>2359.2</ele>
      </trkpt>
      <trkpt lat="44.061448" lon="7.422069">
        <ele>2359.1</ele>
      </trkpt>
      <trkpt lat="44.061449" lon="7.422043">
        <ele>2358.2</ele>
      </trkpt>
      <trkpt lat="44.061464" lon="7.422015">
        <ele>2357.5</ele>
      </trkpt>
      <trkpt lat="44.061457" lon="7.421978">
        <ele>2356.2</ele>
      </trkpt>
      <trkpt lat="44.061488" lon="7.421935">
        <ele>2355.4</ele>
      </trkpt>
      <trkpt lat="44.061503" lon="7.42187">
        <ele>2353.9</ele>
      </trkpt>
      <trkpt lat="44.061479" lon="7.421824">
        <ele>2352.3</ele>
      </trkpt>
      <trkpt lat="44.061458" lon="7.421799">
        <ele>2351.3</ele>
      </trkpt>
      <trkpt lat="44.061415" lon="7.421769">
        <ele>2350.1</ele>
      </trkpt>
      <trkpt lat="44.061439" lon="7.421726">
        <ele>2349.4</ele>
      </trkpt>
      <trkpt lat="44.061502" lon="7.421335">
        <ele>2341.4</ele>
      </trkpt>
      <trkpt lat="44.061533" lon="7.421309">
        <ele>2341.2</ele>
      </trkpt>
      <trkpt lat="44.061509" lon="7.421275">
        <ele>2339.9</ele>
      </trkpt>
      <trkpt lat="44.061527" lon="7.421035">
        <ele>2333.3</ele>
      </trkpt>
      <trkpt lat="44.061523" lon="7.421005">
        <ele>2332.4</ele>
      </trkpt>
      <trkpt lat="44.061535" lon="7.420997">
        <ele>2332.3</ele>
      </trkpt>
      <trkpt lat="44.06155" lon="7.420919">
        <ele>2329.9</ele>
      </trkpt>
      <trkpt lat="44.061599" lon="7.420896">
        <ele>2329.5</ele>
      </trkpt>
      <trkpt lat="44.061638" lon="7.420859">
        <ele>2328.3</ele>
      </trkpt>
      <trkpt lat="44.061688" lon="7.420843">
        <ele>2327.8</ele>
      </trkpt>
      <trkpt lat="44.061712" lon="7.420791">
        <ele>2325.8</ele>
      </trkpt>
      <trkpt lat="44.06175" lon="7.420779">
        <ele>2325.4</ele>
      </trkpt>
      <trkpt lat="44.061757" lon="7.420738">
        <ele>2323.9</ele>
      </trkpt>
      <trkpt lat="44.061841" lon="7.420653">
        <ele>2321.2</ele>
      </trkpt>
      <trkpt lat="44.06189" lon="7.420561">
        <ele>2318.8</ele>
      </trkpt>
      <trkpt lat="44.061922" lon="7.420416">
        <ele>2314.9</ele>
      </trkpt>
      <trkpt lat="44.061873" lon="7.420351">
        <ele>2313.1</ele>
      </trkpt>
      <trkpt lat="44.061866" lon="7.420277">
        <ele>2311.3</ele>
      </trkpt>
      <trkpt lat="44.061882" lon="7.420153">
        <ele>2308.3</ele>
      </trkpt>
      <trkpt lat="44.061941" lon="7.420115">
        <ele>2306.9</ele>
      </trkpt>
      <trkpt lat="44.061978" lon="7.420066">
        <ele>2305.8</ele>
      </trkpt>
      <trkpt lat="44.062119" lon="7.419888">
        <ele>2301.0</ele>
      </trkpt>
      <trkpt lat="44.062161" lon="7.419825">
        <ele>2298.7</ele>
      </trkpt>
      <trkpt lat="44.062195" lon="7.419829">
        <ele>2298.2</ele>
      </trkpt>
      <trkpt lat="44.062279" lon="7.419851">
        <ele>2297.6</ele>
      </trkpt>
      <trkpt lat="44.062334" lon="7.419829">
        <ele>2296.1</ele>
      </trkpt>
      <trkpt lat="44.062336" lon="7.419808">
        <ele>2295.3</ele>
      </trkpt>
      <trkpt lat="44.062374" lon="7.419783">
        <ele>2294.0</ele>
      </trkpt>
      <trkpt lat="44.062345" lon="7.419719">
        <ele>2292.0</ele>
      </trkpt>
      <trkpt lat="44.062328" lon="7.419662">
        <ele>2290.3</ele>
      </trkpt>
      <trkpt lat="44.062359" lon="7.41963">
        <ele>2288.6</ele>
      </trkpt>
      <trkpt lat="44.062382" lon="7.419595">
        <ele>2286.9</ele>
      </trkpt>
      <trkpt lat="44.062319" lon="7.419479">
        <ele>2283.8</ele>
      </trkpt>
      <trkpt lat="44.062363" lon="7.419431">
        <ele>2280.7</ele>
      </trkpt>
      <trkpt lat="44.062446" lon="7.419418">
        <ele>2279.0</ele>
      </trkpt>
      <trkpt lat="44.062472" lon="7.419364">
        <ele>2276.4</ele>
      </trkpt>
      <trkpt lat="44.062465" lon="7.419307">
        <ele>2273.8</ele>
      </trkpt>
      <trkpt lat="44.062565" lon="7.419224">
        <ele>2269.1</ele>
      </trkpt>
      <trkpt lat="44.062603" lon="7.419227">
        <ele>2269.0</ele>
      </trkpt>
      <trkpt lat="44.062677" lon="7.419168">
        <ele>2265.8</ele>
      </trkpt>
      <trkpt lat="44.06272" lon="7.419149">
        <ele>2264.8</ele>
      </trkpt>
      <trkpt lat="44.062662" lon="7.41904">
        <ele>2260.1</ele>
      </trkpt>
      <trkpt lat="44.062633" lon="7.418956">
        <ele>2256.9</ele>
      </trkpt>
      <trkpt lat="44.062587" lon="7.418913">
        <ele>2255.6</ele>
      </trkpt>
      <trkpt lat="44.062508" lon="7.418863">
        <ele>2254.3</ele>
      </trkpt>
      <trkpt lat="44.062512" lon="7.418805">
        <ele>2252.0</ele>
      </trkpt>
      <trkpt lat="44.062423" lon="7.418753">
        <ele>2251.0</ele>
      </trkpt>
      <trkpt lat="44.062388" lon="7.418733">
        <ele>2250.9</ele>
      </trkpt>
      <trkpt lat="44.062384" lon="7.418686">
        <ele>2249.3</ele>
      </trkpt>
      <trkpt lat="44.06242" lon="7.418659">
        <ele>2247.5</ele>
      </trkpt>
      <trkpt lat="44.062405" lon="7.41862">
        <ele>2246.5</ele>
      </trkpt>
      <trkpt lat="44.06236" lon="7.418602">
        <ele>2247.2</ele>
      </trkpt>
      <trkpt lat="44.062347" lon="7.418566">
        <ele>2246.5</ele>
      </trkpt>
      <trkpt lat="44.06239" lon="7.418492">
        <ele>2243.0</ele>
      </trkpt>
      <trkpt lat="44.06242" lon="7.418482">
        <ele>2241.7</ele>
      </trkpt>
      <trkpt lat="44.062459" lon="7.418465">
        <ele>2240.1</ele>
      </trkpt>
      <trkpt lat="44.062531" lon="7.41845">
        <ele>2238.1</ele>
      </trkpt>
      <trkpt lat="44.062557" lon="7.418428">
        <ele>2236.7</ele>
      </trkpt>
      <trkpt lat="44.062527" lon="7.418388">
        <ele>2235.9</ele>
      </trkpt>
      <trkpt lat="44.062567" lon="7.418304">
        <ele>2231.8</ele>
      </trkpt>
      <trkpt lat="44.062622" lon="7.418313">
        <ele>2230.4</ele>
      </trkpt>
      <trkpt lat="44.062655" lon="7.418286">
        <ele>2228.4</ele>
      </trkpt>
      <trkpt lat="44.062683" lon="7.418253">
        <ele>2226.4</ele>
      </trkpt>
      <trkpt lat="44.062726" lon="7.418261">
        <ele>2225.7</ele>
      </trkpt>
      <trkpt lat="44.062774" lon="7.41823">
        <ele>2223.8</ele>
      </trkpt>
      <trkpt lat="44.06286" lon="7.418198">
        <ele>2221.4</ele>
      </trkpt>
      <trkpt lat="44.062903" lon="7.418196">
        <ele>2220.8</ele>
      </trkpt>
      <trkpt lat="44.062906" lon="7.41816">
        <ele>2219.4</ele>
      </trkpt>
      <trkpt lat="44.062941" lon="7.418143">
        <ele>2218.2</ele>
      </trkpt>
      <trkpt lat="44.063025" lon="7.418137">
        <ele>2216.5</ele>
      </trkpt>
      <trkpt lat="44.063111" lon="7.418105">
        <ele>2214.2</ele>
      </trkpt>
      <trkpt lat="44.063126" lon="7.418046">
        <ele>2212.2</ele>
      </trkpt>
      <trkpt lat="44.063106" lon="7.417991">
        <ele>2210.9</ele>
      </trkpt>
      <trkpt lat="44.063129" lon="7.417917">
        <ele>2209.0</ele>
      </trkpt>
      <trkpt lat="44.063159" lon="7.417872">
        <ele>2207.8</ele>
      </trkpt>
      <trkpt lat="44.063253" lon="7.417883">
        <ele>2207.4</ele>
      </trkpt>
      <trkpt lat="44.063295" lon="7.417861">
        <ele>2206.7</ele>
      </trkpt>
      <trkpt lat="44.063333" lon="7.417789">
        <ele>2204.6</ele>
      </trkpt>
      <trkpt lat="44.063389" lon="7.417788">
        <ele>2203.9</ele>
      </trkpt>
      <trkpt lat="44.063434" lon="7.417746">
        <ele>2202.2</ele>
      </trkpt>
      <trkpt lat="44.063518" lon="7.417614">
        <ele>2198.6</ele>
      </trkpt>
      <trkpt lat="44.063679" lon="7.417509">
        <ele>2197.9</ele>
      </trkpt>
      <trkpt lat="44.063734" lon="7.417452">
        <ele>2197.4</ele>
      </trkpt>
      <trkpt lat="44.063859" lon="7.417435">
        <ele>2197.0</ele>
      </trkpt>
      <trkpt lat="44.063936" lon="7.417311">
        <ele>2196.7</ele>
      </trkpt>
      <trkpt lat="44.064055" lon="7.417227">
        <ele>2197.1</ele>
      </trkpt>
      <trkpt lat="44.064204" lon="7.417037">
        <ele>2195.9</ele>
      </trkpt>
      <trkpt lat="44.064279" lon="7.416944">
        <ele>2194.7</ele>
      </trkpt>
      <trkpt lat="44.064498" lon="7.416628">
        <ele>2192.0</ele>
      </trkpt>
      <trkpt lat="44.064505" lon="7.416586">
        <ele>2191.5</ele>
      </trkpt>
      <trkpt lat="44.064537" lon="7.41648">
        <ele>2190.0</ele>
      </trkpt>
      <trkpt lat="44.064578" lon="7.416437">
        <ele>2189.2</ele>
      </trkpt>
      <trkpt lat="44.064633" lon="7.416337">
        <ele>2187.4</ele>
      </trkpt>
      <trkpt lat="44.064693" lon="7.416274">
        <ele>2186.0</ele>
      </trkpt>
      <trkpt lat="44.064788" lon="7.416208">
        <ele>2184.5</ele>
      </trkpt>
      <trkpt lat="44.064837" lon="7.416119">
        <ele>2183.0</ele>
      </trkpt>
      <trkpt lat="44.064891" lon="7.416085">
        <ele>2182.3</ele>
      </trkpt>
      <trkpt lat="44.064965" lon="7.416011">
        <ele>2180.7</ele>
      </trkpt>
      <trkpt lat="44.065002" lon="7.415936">
        <ele>2179.0</ele>
      </trkpt>
      <trkpt lat="44.065046" lon="7.415931">
        <ele>2178.8</ele>
      </trkpt>
      <trkpt lat="44.065064" lon="7.415912">
        <ele>2178.3</ele>
      </trkpt>
      <trkpt lat="44.065082" lon="7.415851">
        <ele>2176.9</ele>
      </trkpt>
      <trkpt lat="44.065122" lon="7.415764">
        <ele>2174.9</ele>
      </trkpt>
      <trkpt lat="44.065123" lon="7.415738">
        <ele>2174.3</ele>
      </trkpt>
      <trkpt lat="44.065131" lon="7.415686">
        <ele>2173.2</ele>
      </trkpt>
      <trkpt lat="44.065149" lon="7.415648">
        <ele>2172.3</ele>
      </trkpt>
      <trkpt lat="44.065177" lon="7.415611">
        <ele>2171.4</ele>
      </trkpt>
      <trkpt lat="44.065218" lon="7.415611">
        <ele>2171.2</ele>
      </trkpt>
      <trkpt lat="44.065249" lon="7.415627">
        <ele>2171.4</ele>
      </trkpt>
      <trkpt lat="44.065385" lon="7.415568">
        <ele>2169.3</ele>
      </trkpt>
      <trkpt lat="44.065393" lon="7.415524">
        <ele>2168.2</ele>
      </trkpt>
      <trkpt lat="44.065391" lon="7.415487">
        <ele>2167.4</ele>
      </trkpt>
      <trkpt lat="44.065361" lon="7.415464">
        <ele>2167.1</ele>
      </trkpt>
      <trkpt lat="44.06535" lon="7.415431">
        <ele>2166.5</ele>
      </trkpt>
      <trkpt lat="44.06538" lon="7.415401">
        <ele>2165.5</ele>
      </trkpt>
      <trkpt lat="44.065399" lon="7.415371">
        <ele>2164.7</ele>
      </trkpt>
      <trkpt lat="44.065382" lon="7.415336">
        <ele>2164.1</ele>
      </trkpt>
      <trkpt lat="44.065364" lon="7.415316">
        <ele>2163.8</ele>
      </trkpt>
      <trkpt lat="44.065363" lon="7.415298">
        <ele>2163.4</ele>
      </trkpt>
      <trkpt lat="44.065402" lon="7.415283">
        <ele>2162.8</ele>
      </trkpt>
      <trkpt lat="44.065403" lon="7.415265">
        <ele>2162.4</ele>
      </trkpt>
      <trkpt lat="44.065384" lon="7.415249">
        <ele>2162.2</ele>
      </trkpt>
      <trkpt lat="44.065377" lon="7.41522">
        <ele>2161.6</ele>
      </trkpt>
      <trkpt lat="44.0654" lon="7.415178">
        <ele>2160.6</ele>
      </trkpt>
      <trkpt lat="44.065409" lon="7.415087">
        <ele>2158.9</ele>
      </trkpt>
      <trkpt lat="44.065434" lon="7.415035">
        <ele>2157.9</ele>
      </trkpt>
      <trkpt lat="44.065442" lon="7.414982">
        <ele>2157.0</ele>
      </trkpt>
      <trkpt lat="44.06546" lon="7.414969">
        <ele>2156.8</ele>
      </trkpt>
      <trkpt lat="44.065506" lon="7.414903">
        <ele>2155.5</ele>
      </trkpt>
      <trkpt lat="44.065503" lon="7.414814">
        <ele>2153.8</ele>
      </trkpt>
      <trkpt lat="44.065528" lon="7.414805">
        <ele>2153.6</ele>
      </trkpt>
      <trkpt lat="44.065609" lon="7.414679">
        <ele>2151.2</ele>
      </trkpt>
      <trkpt lat="44.065621" lon="7.414629">
        <ele>2150.2</ele>
      </trkpt>
      <trkpt lat="44.065667" lon="7.414558">
        <ele>2149.1</ele>
      </trkpt>
      <trkpt lat="44.065672" lon="7.414497">
        <ele>2147.9</ele>
      </trkpt>
      <trkpt lat="44.065763" lon="7.414315">
        <ele>2144.3</ele>
      </trkpt>
      <trkpt lat="44.065765" lon="7.41425">
        <ele>2142.8</ele>
      </trkpt>
      <trkpt lat="44.06572" lon="7.414217">
        <ele>2142.5</ele>
      </trkpt>
      <trkpt lat="44.065693" lon="7.414103">
        <ele>2141.1</ele>
      </trkpt>
      <trkpt lat="44.065688" lon="7.413957">
        <ele>2139.6</ele>
      </trkpt>
      <trkpt lat="44.065749" lon="7.413801">
        <ele>2136.6</ele>
      </trkpt>
      <trkpt lat="44.065776" lon="7.413759">
        <ele>2135.6</ele>
      </trkpt>
      <trkpt lat="44.06579" lon="7.413681">
        <ele>2135.0</ele>
      </trkpt>
      <trkpt lat="44.065836" lon="7.413575">
        <ele>2133.4</ele>
      </trkpt>
      <trkpt lat="44.06584" lon="7.413502">
        <ele>2132.9</ele>
      </trkpt>
      <trkpt lat="44.065892" lon="7.4133">
        <ele>2129.8</ele>
      </trkpt>
      <trkpt lat="44.066045" lon="7.413198">
        <ele>2125.6</ele>
      </trkpt>
      <trkpt lat="44.066078" lon="7.413193">
        <ele>2125.0</ele>
      </trkpt>
      <trkpt lat="44.066193" lon="7.413148">
        <ele>2123.0</ele>
      </trkpt>
      <trkpt lat="44.066219" lon="7.413091">
        <ele>2122.4</ele>
      </trkpt>
      <trkpt lat="44.066291" lon="7.413051">
        <ele>2121.1</ele>
      </trkpt>
      <trkpt lat="44.066329" lon="7.41305">
        <ele>2120.4</ele>
      </trkpt>
      <trkpt lat="44.066388" lon="7.413003">
        <ele>2118.8</ele>
      </trkpt>
      <trkpt lat="44.066431" lon="7.412962">
        <ele>2117.5</ele>
      </trkpt>
      <trkpt lat="44.066479" lon="7.412851">
        <ele>2116.1</ele>
      </trkpt>
      <trkpt lat="44.066519" lon="7.412833">
        <ele>2115.8</ele>
      </trkpt>
      <trkpt lat="44.066532" lon="7.412843">
        <ele>2115.8</ele>
      </trkpt>
      <trkpt lat="44.066548" lon="7.412841">
        <ele>2115.8</ele>
      </trkpt>
      <trkpt lat="44.066561" lon="7.41284">
        <ele>2115.8</ele>
      </trkpt>
      <trkpt lat="44.066602" lon="7.41282">
        <ele>2115.9</ele>
      </trkpt>
      <trkpt lat="44.066644" lon="7.412762">
        <ele>2116.0</ele>
      </trkpt>
      <trkpt lat="44.066706" lon="7.412688">
        <ele>2116.3</ele>
      </trkpt>
      <trkpt lat="44.066721" lon="7.412548">
        <ele>2116.2</ele>
      </trkpt>
      <trkpt lat="44.066744" lon="7.412504">
        <ele>2116.5</ele>
      </trkpt>
      <trkpt lat="44.066757" lon="7.412418">
        <ele>2116.7</ele>
      </trkpt>
      <trkpt lat="44.066805" lon="7.412266">
        <ele>2116.4</ele>
      </trkpt>
      <trkpt lat="44.066802" lon="7.412192">
        <ele>2115.4</ele>
      </trkpt>
      <trkpt lat="44.066817" lon="7.412155">
        <ele>2115.1</ele>
      </trkpt>
      <trkpt lat="44.066851" lon="7.411996">
        <ele>2113.1</ele>
      </trkpt>
      <trkpt lat="44.066869" lon="7.411968">
        <ele>2112.8</ele>
      </trkpt>
      <trkpt lat="44.066866" lon="7.411918">
        <ele>2111.8</ele>
      </trkpt>
      <trkpt lat="44.0669" lon="7.411863">
        <ele>2111.1</ele>
      </trkpt>
      <trkpt lat="44.06693" lon="7.411693">
        <ele>2107.4</ele>
      </trkpt>
      <trkpt lat="44.066967" lon="7.411646">
        <ele>2106.4</ele>
      </trkpt>
      <trkpt lat="44.066972" lon="7.411621">
        <ele>2105.8</ele>
      </trkpt>
      <trkpt lat="44.067018" lon="7.411541">
        <ele>2104.0</ele>
      </trkpt>
      <trkpt lat="44.067023" lon="7.411473">
        <ele>2102.4</ele>
      </trkpt>
      <trkpt lat="44.067053" lon="7.411433">
        <ele>2101.6</ele>
      </trkpt>
      <trkpt lat="44.06706" lon="7.411391">
        <ele>2100.7</ele>
      </trkpt>
      <trkpt lat="44.067096" lon="7.411356">
        <ele>2099.9</ele>
      </trkpt>
      <trkpt lat="44.067101" lon="7.411302">
        <ele>2098.7</ele>
      </trkpt>
      <trkpt lat="44.067115" lon="7.411257">
        <ele>2097.7</ele>
      </trkpt>
      <trkpt lat="44.067129" lon="7.411187">
        <ele>2096.3</ele>
      </trkpt>
      <trkpt lat="44.06715" lon="7.411154">
        <ele>2095.5</ele>
      </trkpt>
      <trkpt lat="44.067151" lon="7.411103">
        <ele>2094.5</ele>
      </trkpt>
      <trkpt lat="44.067188" lon="7.410976">
        <ele>2092.0</ele>
      </trkpt>
      <trkpt lat="44.067181" lon="7.410875">
        <ele>2090.5</ele>
      </trkpt>
      <trkpt lat="44.067199" lon="7.410812">
        <ele>2089.5</ele>
      </trkpt>
      <trkpt lat="44.067185" lon="7.410745">
        <ele>2088.5</ele>
      </trkpt>
      <trkpt lat="44.067195" lon="7.410664">
        <ele>2087.2</ele>
      </trkpt>
      <trkpt lat="44.06724" lon="7.41063">
        <ele>2086.8</ele>
      </trkpt>
      <trkpt lat="44.067286" lon="7.410674">
        <ele>2087.1</ele>
      </trkpt>
      <trkpt lat="44.067311" lon="7.410681">
        <ele>2086.8</ele>
      </trkpt>
      <trkpt lat="44.067323" lon="7.410685">
        <ele>2086.7</ele>
      </trkpt>
      <trkpt lat="44.067363" lon="7.410607">
        <ele>2085.3</ele>
      </trkpt>
      <trkpt lat="44.067377" lon="7.410478">
        <ele>2083.9</ele>
      </trkpt>
      <trkpt lat="44.067377" lon="7.410393">
        <ele>2083.2</ele>
      </trkpt>
      <trkpt lat="44.06741" lon="7.410273">
        <ele>2081.7</ele>
      </trkpt>
      <trkpt lat="44.067416" lon="7.41016">
        <ele>2080.5</ele>
      </trkpt>
      <trkpt lat="44.067461" lon="7.410059">
        <ele>2079.3</ele>
      </trkpt>
      <trkpt lat="44.067454" lon="7.409953">
        <ele>2077.9</ele>
      </trkpt>
      <trkpt lat="44.06748" lon="7.4099">
        <ele>2076.6</ele>
      </trkpt>
      <trkpt lat="44.067452" lon="7.409788">
        <ele>2073.3</ele>
      </trkpt>
      <trkpt lat="44.067627" lon="7.409729">
        <ele>2070.4</ele>
      </trkpt>
      <trkpt lat="44.06785" lon="7.409546">
        <ele>2062.5</ele>
      </trkpt>
      <trkpt lat="44.068137" lon="7.40916">
        <ele>2053.4</ele>
      </trkpt>
      <trkpt lat="44.068143" lon="7.409077">
        <ele>2050.4</ele>
      </trkpt>
      <trkpt lat="44.067809" lon="7.408971">
        <ele>2038.6</ele>
      </trkpt>
      <trkpt lat="44.067884" lon="7.408916">
        <ele>2037.4</ele>
      </trkpt>
      <trkpt lat="44.067692" lon="7.40875">
        <ele>2026.9</ele>
      </trkpt>
      <trkpt lat="44.06792" lon="7.408653">
        <ele>2024.5</ele>
      </trkpt>
      <trkpt lat="44.067727" lon="7.40858">
        <ele>2019.6</ele>
      </trkpt>
      <trkpt lat="44.067945" lon="7.408407">
        <ele>2012.3</ele>
      </trkpt>
      <trkpt lat="44.067789" lon="7.40829">
        <ele>2007.5</ele>
      </trkpt>
      <trkpt lat="44.067911" lon="7.408269">
        <ele>2006.4</ele>
      </trkpt>
      <trkpt lat="44.068026" lon="7.408179">
        <ele>2003.3</ele>
      </trkpt>
      <trkpt lat="44.068075" lon="7.408073">
        <ele>1999.5</ele>
      </trkpt>
      <trkpt lat="44.067985" lon="7.408014">
        <ele>1996.8</ele>
      </trkpt>
      <trkpt lat="44.067999" lon="7.407961">
        <ele>1994.8</ele>
      </trkpt>
      <trkpt lat="44.067812" lon="7.407829">
        <ele>1990.8</ele>
      </trkpt>
      <trkpt lat="44.067987" lon="7.407654">
        <ele>1984.3</ele>
      </trkpt>
      <trkpt lat="44.068064" lon="7.407624">
        <ele>1983.3</ele>
      </trkpt>
      <trkpt lat="44.068154" lon="7.407564">
        <ele>1981.8</ele>
      </trkpt>
      <trkpt lat="44.067904" lon="7.407356">
        <ele>1974.6</ele>
      </trkpt>
      <trkpt lat="44.067964" lon="7.407199">
        <ele>1968.6</ele>
      </trkpt>
      <trkpt lat="44.068075" lon="7.407102">
        <ele>1964.9</ele>
      </trkpt>
      <trkpt lat="44.068243" lon="7.407001">
        <ele>1960.8</ele>
      </trkpt>
      <trkpt lat="44.068406" lon="7.406952">
        <ele>1958.8</ele>
      </trkpt>
      <trkpt lat="44.068543" lon="7.406852">
        <ele>1954.5</ele>
      </trkpt>
      <trkpt lat="44.068768" lon="7.406868">
        <ele>1960.2</ele>
      </trkpt>
      <trkpt lat="44.068658" lon="7.406787">
        <ele>1952.5</ele>
      </trkpt>
      <trkpt lat="44.068889" lon="7.406598">
        <ele>1949.7</ele>
      </trkpt>
      <trkpt lat="44.068666" lon="7.406541">
        <ele>1937.8</ele>
      </trkpt>
      <trkpt lat="44.068923" lon="7.406274">
        <ele>1933.9</ele>
      </trkpt>
      <trkpt lat="44.068704" lon="7.406279">
        <ele>1923.8</ele>
      </trkpt>
      <trkpt lat="44.068961" lon="7.405959">
        <ele>1918.6</ele>
      </trkpt>
      <trkpt lat="44.069027" lon="7.405655">
        <ele>1905.4</ele>
      </trkpt>
      <trkpt lat="44.069098" lon="7.405579">
        <ele>1904.7</ele>
      </trkpt>
      <trkpt lat="44.068975" lon="7.405545">
        <ele>1895.6</ele>
      </trkpt>
      <trkpt lat="44.068781" lon="7.405672">
        <ele>1893.4</ele>
      </trkpt>
      <trkpt lat="44.068881" lon="7.405354">
        <ele>1879.5</ele>
      </trkpt>
      <trkpt lat="44.068947" lon="7.405284">
        <ele>1878.5</ele>
      </trkpt>
      <trkpt lat="44.069005" lon="7.405149">
        <ele>1873.4</ele>
      </trkpt>
      <trkpt lat="44.069108" lon="7.404751">
        <ele>1853.6</ele>
      </trkpt>
      <trkpt lat="44.069265" lon="7.4047">
        <ele>1856.5</ele>
      </trkpt>
      <trkpt lat="44.06938" lon="7.404587">
        <ele>1853.5</ele>
      </trkpt>
      <trkpt lat="44.069268" lon="7.40456">
        <ele>1848.1</ele>
      </trkpt>
      <trkpt lat="44.069322" lon="7.404419">
        <ele>1841.2</ele>
      </trkpt>
      <trkpt lat="44.06933" lon="7.404392">
        <ele>1839.7</ele>
      </trkpt>
      <trkpt lat="44.069349" lon="7.404442">
        <ele>1843.5</ele>
      </trkpt>
      <trkpt lat="44.069353" lon="7.404385">
        <ele>1839.9</ele>
      </trkpt>
      <trkpt lat="44.069347" lon="7.404353">
        <ele>1837.7</ele>
      </trkpt>
      <trkpt lat="44.06932" lon="7.404339">
        <ele>1836.0</ele>
      </trkpt>
      <trkpt lat="44.069333" lon="7.404318">
        <ele>1835.1</ele>
      </trkpt>
      <trkpt lat="44.069331" lon="7.40421">
        <ele>1827.9</ele>
      </trkpt>
      <trkpt lat="44.06949" lon="7.40429">
        <ele>1836.9</ele>
      </trkpt>
      <trkpt lat="44.069605" lon="7.404199">
        <ele>1832.2</ele>
      </trkpt>
      <trkpt lat="44.069627" lon="7.404125">
        <ele>1827.2</ele>
      </trkpt>
      <trkpt lat="44.069649" lon="7.404164">
        <ele>1830.1</ele>
      </trkpt>
      <trkpt lat="44.069665" lon="7.404123">
        <ele>1827.3</ele>
      </trkpt>
      <trkpt lat="44.069854" lon="7.40404">
        <ele>1822.4</ele>
      </trkpt>
      <trkpt lat="44.069974" lon="7.403867">
        <ele>1811.0</ele>
      </trkpt>
      <trkpt lat="44.07015" lon="7.403741">
        <ele>1804.7</ele>
      </trkpt>
      <trkpt lat="44.070211" lon="7.403659">
        <ele>1800.4</ele>
      </trkpt>
      <trkpt lat="44.070385" lon="7.40357">
        <ele>1797.3</ele>
      </trkpt>
      <trkpt lat="44.070476" lon="7.403515">
        <ele>1795.1</ele>
      </trkpt>
      <trkpt lat="44.070669" lon="7.40327">
        <ele>1781.1</ele>
      </trkpt>
      <trkpt lat="44.070742" lon="7.403219">
        <ele>1777.9</ele>
      </trkpt>
      <trkpt lat="44.070855" lon="7.40317">
        <ele>1774.4</ele>
      </trkpt>
      <trkpt lat="44.07113" lon="7.403132">
        <ele>1770.6</ele>
      </trkpt>
      <trkpt lat="44.07118" lon="7.403051">
        <ele>1764.9</ele>
      </trkpt>
      <trkpt lat="44.071319" lon="7.402888">
        <ele>1753.8</ele>
      </trkpt>
      <trkpt lat="44.071228" lon="7.40285">
        <ele>1751.7</ele>
      </trkpt>
      <trkpt lat="44.071389" lon="7.402714">
        <ele>1743.2</ele>
      </trkpt>
      <trkpt lat="44.071663" lon="7.402721">
        <ele>1744.3</ele>
      </trkpt>
      <trkpt lat="44.071774" lon="7.402486">
        <ele>1732.1</ele>
      </trkpt>
      <trkpt lat="44.071838" lon="7.402446">
        <ele>1730.5</ele>
      </trkpt>
      <trkpt lat="44.071938" lon="7.402187">
        <ele>1719.0</ele>
      </trkpt>
      <trkpt lat="44.072218" lon="7.401951">
        <ele>1713.7</ele>
      </trkpt>
      <trkpt lat="44.072497" lon="7.401715">
        <ele>1712.3</ele>
      </trkpt>
      <trkpt lat="44.072588" lon="7.401623">
        <ele>1710.6</ele>
      </trkpt>
      <trkpt lat="44.072629" lon="7.401469">
        <ele>1705.0</ele>
      </trkpt>
      <trkpt lat="44.072705" lon="7.401322">
        <ele>1700.1</ele>
      </trkpt>
      <trkpt lat="44.072709" lon="7.401296">
        <ele>1699.1</ele>
      </trkpt>
      <trkpt lat="44.072743" lon="7.401246">
        <ele>1697.4</ele>
      </trkpt>
      <trkpt lat="44.073028" lon="7.401212">
        <ele>1693.7</ele>
      </trkpt>
      <trkpt lat="44.073465" lon="7.401125">
        <ele>1684.1</ele>
      </trkpt>
      <trkpt lat="44.073861" lon="7.40142">
        <ele>1687.5</ele>
      </trkpt>
      <trkpt lat="44.073927" lon="7.40144">
        <ele>1687.3</ele>
      </trkpt>
      <trkpt lat="44.074002" lon="7.401395">
        <ele>1686.2</ele>
      </trkpt>
      <trkpt lat="44.074104" lon="7.40126">
        <ele>1684.5</ele>
      </trkpt>
      <trkpt lat="44.074149" lon="7.401231">
        <ele>1684.3</ele>
      </trkpt>
      <trkpt lat="44.074149" lon="7.40112">
        <ele>1684.2</ele>
      </trkpt>
      <trkpt lat="44.074149" lon="7.401073">
        <ele>1684.3</ele>
        <name>Pont du Countet</name>
        <extensions>
          <oa:Extension>
            <oa:mapZoom>13</oa:mapZoom>
          </oa:Extension>
        </extensions>
      </trkpt>
    </trkseg>
  </trk>
</gpx>